Date,ACWI,Asia ex JP,Latam,S&P500,SXXR ,Topix,"Emerging Euro, Middle East, Afica",Taiex,CSI 300,Corp Bond,HY,EMBI,EMBI Corp,Globa Agg Local Currency,Commodity,GLD,REITS
NaT,,,,,,,,,,,,,,,,,
2024-12-31,455.9897,578.397,470.595,12911.8203,1279.985,30.4882,204.17,1552.3064,6184.0498,275.4921,1661.863,897.191,6.164,463.4374,457.0121,240.9976,7090.0698
2025-01-01,456.0378,578.933,470.595,12911.8203,1279.985,30.4882,204.41,1552.3064,6184.0498,275.4921,1661.863,897.191,6.164,463.4374,457.0121,240.9976,7090.0698
2025-01-02,455.2786,574.986,472.666,12883.5801,1277.4382,30.4882,205.3,1535.1028,6003.7998,274.9144,1662.094,897.8764,6.162,462.4717,461.7802,244.2657,7024.9702
2025-01-03,459.248,576.602,468.387,13046.8799,1275.3146,30.4882,205.8,1536.911,5932.3901,274.5193,1665.255,899.2226,6.186,461.8119,459.2845,244.3092,7114.7002
2025-01-06,462.3462,579.067,478.065,13120.1396,1298.6974,30.10679,206.64,1584.1827,5899.1401,274.9503,1671.4709,899.1769,6.163,462.6573,460.964,243.0592,7009.1699
2025-01-07,459.122,578.98,484.751,12974.5898,1300.2499,30.39994,206.61,1598.5914,5943.7598,274.0408,1669.116,896.9056,6.164,461.3688,462.8118,244.6724,6959.1699
2025-01-08,458.5915,574.707,477.549,12995.1299,1290.0845,30.08751,204.9,1573.2067,5931.3999,273.5416,1664.797,894.5297,6.14,459.9153,460.8343,245.4823,6977.6499
2025-01-09,458.4073,571.311,479.891,12995.1299,1294.4771,29.76997,205.73,1548.788,5916.7402,273.3293,1664.946,896.6595,6.174,459.6194,464.1133,245.4823,6977.6499
2025-01-10,452.0875,565.945,473.229,12797.3896,1277.2749,29.61521,204.97,1543.2032,5843.3599,271.8954,1658.4821,892.3586,6.143,457.3898,474.3251,248.0439,6814.4102
2025-01-13,450.9724,555.434,474.423,12817.5596,1266.8889,29.61521,202.83,1501.401,5828.48,271.1586,1653.355,888.9824,6.1375,456.1211,477.6475,246.3783,6903.79
2025-01-14,452.3956,563.037,480.048,12832.29,1274.5906,29.18586,204.66,1527.2083,5982.4399,271.7862,1657.807,890.0509,6.1365,457.1069,475.9008,246.1447,6964.5298
2025-01-15,459.4079,562.751,490.885,13068.5596,1291.2633,29.57087,207.21,1507.5684,5943.5801,274.0293,1667.106,896.5911,6.1725,460.48,482.7471,247.1301,6978.5801
2025-01-16,460.1391,570.108,485.723,13041.1904,1305.3713,29.78695,207.58,1546.4357,5950.5801,274.5003,1668.238,898.3545,6.189,461.4706,482.148,250.71,7121.77
2025-01-17,463.7289,571.881,488.314,13171.75,1312.2771,29.50032,208.94,1554.4595,5972.1802,274.6164,1669.686,899.2878,6.169,461.5341,480.3829,250.5872,7116.9199
2025-01-20,465.3412,577.643,491.16,13171.75,1326.4895,29.93339,210.57,1569.8228,6010.2402,275.4396,1672.6021,899.2878,6.199,463.1741,480.3827,250.5872,7116.9199
2025-01-21,468.574,577.845,492.602,13287.5801,1336.3369,30.00617,211.15,1573.0789,6045.3101,276.2691,1676.8669,902.4388,6.193,464.5615,477.1815,252.6631,7243.0698
2025-01-22,470.9482,577.467,499.035,13369.3604,1341.0533,30.06717,211.65,1587.1335,5987.6899,276.0731,1678.376,903.2096,6.188,464.136,477.4935,253.9526,7110.3901
2025-01-23,472.9042,576.698,501.039,13440.6104,1349.3435,30.36262,211.21,1587.1335,5999.0698,275.5264,1676.9091,901.5861,6.188,463.2555,476.2158,253.2529,7161.7202
2025-01-24,473.3577,581.494,505.823,13403.5098,1358.368,30.38799,212.57,1587.1335,6075.1099,276.7422,1682.1541,903.6035,6.182,465.5408,475.9973,256.2547,7191.5698
2025-01-27,468.4452,580.359,505.127,13208.1904,1354.5389,30.75397,211.42,1587.1335,6037.5801,277.6988,1682.162,905.303,6.204,466.9829,468.4421,253.0709,7277.21
2025-01-28,471.0547,581.064,507.61,13329.9502,1351.5314,30.48024,211.84,1587.1335,6037.5801,277.1206,1682.024,905.5414,6.206,465.6587,468.5501,253.9451,7181.3701
2025-01-29,470.3244,582.783,506.82,13267.6504,1357.377,30.79563,212.92,1587.1335,6037.5801,276.9116,1683.079,906.7292,6.22,465.6735,469.1023,254.3484,7080.5601
2025-01-30,473.2535,583.285,519.54,13337.8496,1368.4917,31.0199,214.09,1587.1335,6037.5801,277.5725,1685.6899,908.5672,6.212,466.8466,469.4854,257.2025,7180.0098
2025-01-31,471.2955,582.699,515.352,13271.3799,1370.6469,31.00252,213.38,1587.1335,6037.5801,277.2163,1684.679,908.1978,6.216,466.0748,467.1058,259.4889,7164.2202
2025-02-03,466.0437,570.706,515.729,13171.21,1340.5223,30.26309,212.16,1517.6167,6037.5801,276.9544,1679.9351,907.9893,6.226,465.7805,472.7979,260.7773,7145.5898
2025-02-04,470.1591,581.806,521.375,13266.4502,1356.1909,30.5362,213.76,1527.9965,6037.5801,277.9608,1684.031,908.8595,6.219,467.1318,474.2407,262.3852,7143.6699
2025-02-05,472.7541,583.319,517.988,13318.4297,1368.2085,31.01674,213.83,1559.1628,5989.79,279.4615,1689.417,914.1771,6.25,470.0811,470.1401,264.93,7243.0801
2025-02-06,474.7324,586.238,526.502,13366.96,1378.7256,31.17936,215.15,1569.5981,6063.25,278.8293,1688.542,914.7871,6.235,469.3823,470.6477,261.9548,7272.3799
2025-02-07,471.5511,590.328,523.067,13241.3398,1365.8999,31.0507,215.97,1584.4366,6139.0298,277.9495,1685.583,912.8384,6.232,468.252,471.3791,265.2473,7248.8301
2025-02-10,473.949,589.938,525.226,13332.1504,1372.5994,30.96201,216.76,1565.7357,6139.0801,277.8478,1685.316,912.2921,6.235,467.7477,477.2444,267.9893,7247.0098
2025-02-11,473.8895,586.895,528.912,13337.0,1380.2909,30.96201,217.01,1574.9056,6108.52,277.4655,1684.255,909.4848,6.228,466.8103,481.5493,267.151,7291.8599
2025-02-12,473.4343,591.982,525.36,13302.0996,1392.5175,30.46612,217.03,1567.7904,6164.2202,276.6221,1683.09,905.9498,6.227,464.9929,476.5256,266.7881,7232.0498
2025-02-13,478.6573,593.285,528.086,13440.9297,1407.9688,31.06516,217.66,1576.9969,6156.2002,278.6593,1688.8669,910.6458,6.226,468.2488,477.5038,268.9814,7303.1401
2025-02-14,479.7492,599.838,539.434,13443.0996,1415.8287,31.17058,218.5,1564.7037,6219.96,279.886,1695.106,915.259,6.265,470.4289,479.0545,269.5275,7262.4102
2025-02-17,480.3419,603.746,539.851,13443.0996,1420.3417,31.44534,216.99,1588.2982,6256.7998,279.5808,1694.4189,915.259,6.264,469.9584,479.4987,269.5275,7262.4102
2025-02-18,481.6882,607.979,543.024,13478.0195,1419.7786,31.43112,219.42,1598.0886,6178.0698,278.8442,1693.494,913.2974,6.25,468.4996,485.4127,270.0555,7294.27
2025-02-19,481.1911,607.771,537.43,13510.29,1402.0397,31.3833,218.02,1593.5593,6217.8398,278.5687,1691.155,911.5422,6.264,467.8781,487.6513,270.9522,7286.3599
2025-02-20,479.6102,603.869,539.567,13453.54,1410.6027,31.47769,219.92,1584.3795,6210.1499,279.2466,1693.587,912.9085,6.26,469.5883,489.7342,270.5063,7333.29
2025-02-21,474.6364,614.518,529.701,13224.4502,1414.3988,31.55281,219.75,1601.8817,6305.9199,280.0642,1693.66,915.537,6.27,470.8127,483.539,270.6972,7281.8901
2025-02-24,472.512,608.906,523.866,13159.21,1414.5776,31.55281,217.68,1593.1794,6298.2402,280.5914,1694.8199,915.9802,6.277,471.4602,480.6056,270.4806,7311.3599
2025-02-25,470.4254,600.413,522.807,13097.8496,1420.5846,31.44587,217.84,1569.9088,6213.5498,281.8737,1697.656,919.7164,6.2865,473.272,475.4279,270.6022,7400.4902
2025-02-26,471.7293,609.244,520.707,13099.9102,1433.3647,31.3353,218.19,1577.5934,6269.7202,282.3172,1700.866,921.9003,6.294,474.0054,471.2104,267.6234,7359.5698
2025-02-27,465.3358,604.086,515.368,12892.2002,1415.4769,31.40068,215.96,1553.1892,6275.5698,281.2295,1697.783,921.8522,6.306,472.1815,472.8152,265.7565,7404.5298
2025-02-28,468.4562,588.728,505.928,13098.2197,1414.3247,30.69987,214.16,1553.1892,6135.7202,281.7491,1697.985,923.1808,6.306,472.7397,466.7578,261.4858,7461.3501
2025-03-03,464.5997,587.795,504.568,12868.9502,1442.3236,31.28279,216.74,1529.1302,6129.3701,282.6721,1701.327,924.6031,6.316,473.849,465.7329,265.7357,7512.6699
2025-03-04,459.3631,586.6,502.056,12711.8604,1418.3207,31.35926,214.53,1518.1913,6130.6699,282.4082,1700.338,924.5165,6.319,474.3483,466.1379,268.0582,7416.5801
2025-03-05,466.2133,599.886,510.579,12853.9902,1464.2363,31.42682,217.52,1542.1509,6176.3701,282.8137,1706.839,922.6792,6.3145,474.4968,464.4307,268.7335,7488.1802
2025-03-06,461.7844,609.066,516.139,12625.3096,1466.4917,32.01501,218.73,1528.1527,6279.29,282.6555,1703.2791,918.9798,6.311,474.4063,464.3625,269.5564,7306.3398
2025-03-07,462.7544,606.667,520.164,12696.9004,1465.9845,31.60858,218.85,1520.9055,6256.8999,282.9324,1705.666,921.0276,6.31,475.1966,467.1393,270.3793,7362.3198
2025-03-10,452.2874,598.347,511.418,12356.6904,1445.3068,31.58142,216.59,1509.0753,6219.3101,283.4892,1702.606,921.338,6.312,475.5816,465.02,268.4372,7289.3901
2025-03-11,449.0168,596.067,508.517,12263.3096,1434.9016,31.23018,216.55,1484.4438,6253.73,282.9658,1701.911,920.054,6.31,475.4868,465.9391,269.0526,7209.9502
2025-03-12,451.3266,596.947,513.553,12323.5,1442.9852,31.31304,216.41,1495.2458,6229.2598,282.41,1701.882,919.504,6.297,474.595,466.6139,269.7786,7177.0601
2025-03-13,446.3312,592.609,518.339,12153.3301,1434.2169,31.45932,217.37,1472.8275,6209.6401,282.3046,1694.912,918.201,6.292,474.7212,466.0097,274.3203,7045.7598
2025-03-14,454.287,598.41,537.104,12414.2803,1454.1725,31.49057,219.2,1472.8524,6360.6499,282.1831,1697.358,918.8111,6.296,474.2541,467.0266,274.6864,7181.6802
2025-03-17,458.3045,604.648,545.368,12494.8203,1470.0176,31.7471,221.46,1481.3345,6345.2998,283.1944,1700.9805,920.3693,6.306,475.7306,470.1735,276.3793,7295.3901
2025-03-18,456.1826,613.349,546.519,12362.1602,1483.9111,32.10191,221.42,1496.0557,6369.7998,283.4663,1701.0496,920.0803,6.291,475.687,469.6522,279.0792,7266.9302
2025-03-19,459.3683,612.78,551.146,12495.7402,1475.972,32.09871,219.84,1472.1842,6371.6602,283.8744,1703.2772,921.7369,6.301,475.6158,471.7338,279.2376,7268.7002
2025-03-20,458.3708,611.587,545.889,12469.9697,1466.2982,32.09871,219.23,1501.86,6315.1299,283.8799,1704.4058,924.5904,6.317,475.9048,472.0333,280.2124,7258.3901
2025-03-21,457.608,606.176,543.806,12480.5898,1455.0009,32.34383,217.87,1490.8783,6208.52,283.2745,1700.478,922.186,6.315,475.0251,470.8528,277.9538,7177.48
2025-03-24,462.911,608.965,541.76,12700.9102,1448.4615,31.89576,218.65,1483.0188,6232.23,282.4586,1702.6543,920.1979,6.318,473.3433,471.131,277.3958,7277.7798
2025-03-25,463.8809,604.172,546.878,12721.4102,1461.0796,32.15526,219.18,1491.9064,6225.04,282.7604,1704.0963,921.1818,6.326,473.8183,471.6609,279.0025,7190.6802
2025-03-26,459.8057,605.506,541.648,12579.4805,1444.0842,32.18781,220.75,1490.6078,6201.52,282.1057,1700.2007,919.1458,6.3,472.9081,471.9211,277.8971,7233.0498
2025-03-27,458.3939,604.971,544.142,12537.9297,1443.5833,32.07658,221.36,1469.1569,6223.3901,282.0335,1697.6979,916.4636,6.299,472.9643,473.0903,281.8884,7213.3501
2025-03-28,451.4021,600.086,535.116,12290.8604,1436.9176,31.99053,220.09,1445.4243,6195.6699,283.2553,1695.1838,917.9634,6.305,475.1546,471.8783,283.2737,7217.0098
2025-03-31,449.95,588.893,530.375,12360.21,1414.361,30.86404,218.71,1381.614,6164.1602,283.304,1692.5909,918.2389,6.3095,475.6522,477.8602,287.2772,7285.1602
2025-04-01,452.6789,593.674,538.457,12407.2598,1427.9327,30.97746,220.19,1419.9446,6149.2002,284.0529,1695.4758,922.0189,6.323,476.8997,477.6092,288.9899,7291.5801
2025-04-02,454.858,595.069,539.456,12491.0996,1427.7867,30.70664,218.42,1424.4084,6141.8599,284.4261,1698.2878,921.7139,6.333,477.3087,480.4676,287.6998,7322.8398
2025-04-03,439.4144,589.813,547.215,11887.1504,1413.5991,30.58087,214.09,1424.4084,6082.4702,287.0516,1692.3575,919.9574,6.322,484.1586,462.7191,287.5445,7094.8198
2025-04-04,415.8552,585.386,509.634,11178.4805,1334.6112,29.4377,206.99,1424.4084,6082.4702,285.2937,1670.2087,913.8737,6.271,482.9794,442.1877,281.6743,6782.1802
2025-04-07,405.6448,533.489,497.166,11152.5596,1270.1125,26.92003,198.79,1288.4612,5645.8398,281.6187,1647.9506,899.9745,6.158,478.4097,437.1075,277.9981,6586.4302
2025-04-08,404.2901,532.577,489.076,10977.5,1304.7578,28.88166,203.01,1239.3375,5723.6602,280.435,1649.4105,898.9657,6.1845,476.1488,431.2868,278.055,6417.7402
2025-04-09,427.3302,527.011,501.735,12022.21,1269.5371,28.20762,199.7,1168.8265,5766.0601,281.089,1651.7306,892.7626,6.133,477.3802,441.0093,283.5962,6795.3701
2025-04-10,424.1443,546.714,502.215,11608.2197,1338.6686,30.57202,208.1,1281.3082,5847.6699,281.6803,1659.0276,896.1086,6.14,478.9319,437.038,289.8317,6648.46
2025-04-11,430.3628,555.533,509.003,11818.5303,1350.8975,29.85631,209.42,1332.5508,5886.3501,282.4251,1660.3973,888.9058,6.139,480.8511,443.5532,297.8839,6741.5498
2025-04-14,435.7849,562.937,522.451,11912.4502,1390.3931,30.23537,213.76,1333.1219,5917.5801,284.2369,1677.2172,899.9333,6.198,483.686,443.6429,295.4487,6877.75
2025-04-15,437.2147,569.17,523.212,11892.9902,1406.4427,30.56282,214.53,1354.5349,5913.8701,284.6847,1681.0355,903.3105,6.214,483.7459,442.6362,296.8657,6895.3501
2025-04-16,430.7055,562.313,521.878,11626.79,1416.3468,30.49372,215.6,1328.1179,5922.0898,285.8986,1683.0507,903.9762,6.219,485.7647,448.1488,306.3887,6894.4502
2025-04-17,431.6897,567.797,527.878,11642.4004,1411.826,30.90636,214.83,1319.0753,5934.8101,285.7433,1687.3479,906.7587,6.206,485.5879,453.5773,304.7945,7005.6299
2025-04-18,431.976,568.712,527.878,11642.4004,1411.826,31.31461,214.85,1318.1322,5945.6499,285.7446,1687.3479,906.7587,6.206,485.6335,453.5773,304.7945,7005.6299
2025-04-21,426.3779,570.182,533.47,11368.9805,1411.826,31.24574,215.58,1307.7241,5968.6802,285.6814,1686.9316,903.3059,6.206,486.7867,447.9046,304.7812,6862.04
2025-04-22,433.6484,570.455,543.324,11654.8301,1427.6836,31.18109,216.94,1282.3177,5955.3799,286.0624,1691.958,905.1168,6.213,486.9889,452.12,316.5727,6991.3501
2025-04-23,440.1632,583.162,554.883,11849.25,1441.2687,31.44124,218.37,1338.827,5972.1699,285.7501,1699.6311,911.3516,6.203,485.1628,447.8811,300.8366,6992.3599
2025-04-24,446.5614,580.008,564.353,12089.3096,1452.3384,31.62559,219.84,1327.5182,5968.71,287.3219,1704.8344,913.5168,6.271,487.234,451.4032,305.6102,7005.98
2025-04-25,449.2548,582.499,566.583,12178.4902,1456.619,31.79739,219.76,1354.6613,5980.9102,287.9909,1709.6163,917.4463,6.251,487.2505,451.3263,302.1533,6998.6201
2025-04-28,450.6176,585.489,568.605,12186.5195,1469.9454,32.40466,220.51,1367.9536,5960.48,288.7059,1711.1801,918.0259,6.264,488.4145,449.1033,303.8955,7050.9902
2025-04-29,452.8755,587.653,566.717,12257.2695,1474.5903,32.40466,221.07,1393.1602,5972.9302,289.0792,1712.1503,919.4613,6.296,489.4759,444.6362,304.6991,7079.8901
2025-04-30,454.1465,593.246,567.031,12276.3896,1475.5305,32.53406,220.59,1403.0872,5972.3599,288.6796,1707.0216,917.4835,6.286,489.6304,436.2842,304.4191,7137.1899
2025-05-01,455.0339,593.186,565.835,12353.8701,1467.5251,32.07298,219.64,1403.0872,5972.3599,287.3542,1706.1794,917.1865,6.276,487.0339,438.4692,296.365,7146.4102
2025-05-02,462.7576,606.151,568.28,12536.2002,1496.4248,32.3308,221.88,1498.7853,5972.3599,287.2299,1709.9823,915.4647,6.266,487.2584,438.6366,299.5848,7233.21
2025-05-05,461.1816,610.897,563.091,12456.8398,1497.7297,32.3308,221.24,1519.9222,5972.3599,286.7698,1708.981,913.58,6.266,486.7222,436.6355,299.575,7213.1099
2025-05-06,458.8565,609.951,564.179,12361.1602,1501.5862,32.3308,221.39,1508.6742,6071.4199,287.2303,1709.9796,914.4034,6.246,487.8536,443.3599,312.6438,7170.7998
2025-05-07,460.0276,610.375,564.885,12414.9805,1493.6646,32.7165,221.26,1503.9977,6102.8398,287.9899,1713.5627,918.7307,6.287,488.756,438.2105,312.7142,7172.1001
2025-05-08,461.0786,607.214,573.617,12487.0,1484.4139,32.22844,220.96,1503.8701,6125.4102,286.4084,1712.4703,918.0975,6.275,485.3902,442.4683,309.0266,7137.4702
2025-05-09,461.7799,609.534,577.369,12480.3096,1495.9946,32.74477,222.42,1533.7097,6110.9102,286.424,1713.1173,918.0753,6.277,485.0337,446.8895,306.4641,7190.4502
2025-05-12,471.9818,624.341,575.797,12888.1299,1491.5311,32.13109,223.0,1543.1606,6204.3501,284.7131,1720.7463,921.0931,6.289,480.634,449.8942,298.2353,7209.5601
2025-05-13,475.0735,619.876,588.859,12981.8896,1505.9659,32.68362,223.87,1554.0243,6238.1802,285.2089,1726.1205,921.9101,6.301,481.1721,456.5064,297.5452,7118.98
2025-05-14,476.6796,630.833,591.764,12995.7803,1504.5289,32.78132,223.7,1595.3441,6293.48,285.0149,1726.0127,921.1017,6.286,481.4227,455.2605,294.2231,7051.7402
2025-05-15,478.0793,631.076,589.997,13052.7197,1513.1135,32.73369,223.74,1596.3425,6243.3799,285.8359,1724.1525,921.7806,6.294,482.6072,449.3405,294.1369,7181.8901
2025-05-16,480.464,631.024,585.17,13145.8799,1514.9956,32.67973,224.07,1606.9659,6220.1699,286.0193,1725.1136,924.2725,6.295,482.8446,448.7124,293.3869,7272.4302
2025-05-19,481.5685,626.913,591.901,13159.3096,1531.4766,32.86923,224.21,1581.9651,6189.23,286.873,1728.0916,922.7505,6.296,484.3896,447.5809,297.7286,7284.27
2025-05-20,481.1557,627.171,592.107,13108.5195,1545.845,32.91541,225.45,1581.759,6216.7998,286.6729,1729.6799,923.9774,6.304,483.7667,451.7421,300.6202,7242.9902
2025-05-21,476.997,632.436,586.168,12897.4199,1557.0399,33.10909,225.0,1602.8156,6262.0298,285.8377,1727.3792,920.6072,6.285,483.5453,453.2635,304.1293,7058.9902
2025-05-22,475.4152,627.454,583.298,12891.9502,1537.4747,32.83315,223.4,1600.9233,6260.0,285.868,1724.6073,919.4236,6.283,483.068,450.3617,302.6832,7028.4102
2025-05-23,473.8891,630.861,584.261,12806.2402,1535.4653,33.3757,223.67,1601.8887,6213.6099,286.7544,1724.8555,920.5071,6.299,485.3562,451.8696,308.0869,7030.54
2025-05-26,475.1231,629.906,586.934,12806.2402,1554.5649,33.55447,224.13,1592.8529,6199.7998,287.1437,1726.3123,920.5071,6.299,486.3697,451.7971,308.0869,7030.54
2025-05-27,481.0561,626.515,591.519,13069.3203,1552.8467,33.38295,223.23,1578.0419,6151.3599,288.2118,1731.7839,924.1963,6.324,486.888,448.0092,303.8372,7153.1499
2025-05-28,478.4675,626.25,586.879,12996.6699,1538.2767,33.25883,224.72,1584.0663,6144.4502,287.5105,1730.8188,923.2846,6.299,485.5771,447.9752,304.2165,7146.29
2025-05-29,480.6318,630.287,588.333,13049.0098,1546.4561,33.95116,224.82,1593.1525,6181.5801,288.7612,1734.845,924.9741,6.334,487.1989,444.4475,305.2779,7214.6001
2025-05-30,480.2503,624.45,576.074,13049.1299,1545.9041,33.90431,222.35,1593.1525,6158.0,289.191,1735.1714,925.2833,6.333,487.8912,440.4325,302.0618,7221.1899
2025-05-31,480.2503,624.45,576.074,13049.1299,1545.9041,33.90431,222.35,1593.1525,6158.0,289.191,1735.1714,925.2833,6.333,487.8912,440.4325,302.0618,7221.1899
2025-06-02,482.1281,621.866,579.873,13104.2402,1553.2352,33.83866,223.14,1554.6566,6158.0,289.3967,1737.5699,924.3569,6.31,489.0268,448.3951,310.6532,7228.2202
2025-06-03,483.804,624.993,583.804,13180.4502,1548.5477,33.51709,222.68,1562.106,6173.4102,289.3145,1739.3929,927.0604,6.321,488.3008,452.6859,307.3217,7201.1899
2025-06-04,485.4871,632.798,583.704,13181.9697,1564.1373,34.00315,225.56,1599.0573,6201.6499,290.8078,1743.8403,930.618,6.335,490.2367,451.1951,310.0702,7212.7002
2025-06-05,484.3635,639.078,586.001,13113.4697,1568.7996,33.44458,226.05,1605.7992,6222.1602,290.4019,1743.9097,930.3527,6.342,489.9405,453.5106,310.9887,7204.8301
2025-06-06,487.2009,639.488,586.362,13249.8096,1565.4279,33.26688,225.18,1605.4769,6220.5,288.9944,1741.8802,929.2775,6.335,487.5153,456.6744,307.7863,7241.71
2025-06-09,488.1903,646.389,585.816,13263.1299,1569.6465,33.59217,225.99,1614.2261,6237.4702,289.5703,1743.4515,929.3085,6.344,488.2397,457.5344,305.8771,7251.27
2025-06-10,490.2811,649.695,589.994,13336.29,1569.2235,33.46996,227.57,1647.2885,6204.3301,290.1891,1746.4312,932.1022,6.347,489.1117,456.275,307.57,7304.79
2025-06-11,490.0325,654.549,596.601,13299.8701,1574.0725,33.58083,227.47,1666.7511,6252.9502,291.1528,1751.1014,934.802,6.355,490.4205,463.8938,306.8294,7258.5298
2025-06-12,491.4913,651.486,596.072,13350.8496,1580.7491,33.74723,226.1,1678.6268,6262.6499,292.8277,1753.8824,936.6929,6.36,493.2737,462.4069,312.5122,7290.6602
2025-06-13,486.1251,645.2,592.709,13202.2598,1563.8306,33.32616,223.19,1660.3613,6218.8901,291.5187,1749.558,933.9221,6.349,491.4771,477.1985,316.5592,7227.0898
2025-06-16,490.41,649.309,600.988,13328.4297,1573.4547,33.54575,223.49,1666.7628,6234.77,291.7197,1752.7953,934.4043,6.37,491.8282,477.3549,313.0698,7223.6099
2025-06-17,486.5593,649.91,597.922,13217.5195,1549.2585,33.42088,221.1,1675.1234,6229.2202,291.7664,1750.7107,934.342,6.359,491.1364,486.5825,312.2231,7215.77
2025-06-18,486.1591,647.844,598.266,13213.8799,1543.7947,33.80315,219.85,1683.0839,6233.8799,291.725,1750.3063,935.286,6.368,491.3092,489.2428,312.5008,7238.3198
2025-06-19,484.1164,637.989,595.092,13213.8799,1525.3391,33.36762,218.71,1652.9677,6179.3198,291.3033,1748.9146,935.286,6.351,490.2583,490.577,312.5008,7238.3198
2025-06-20,484.0665,645.586,591.231,13185.8398,1537.7719,33.09154,220.08,1663.5382,6194.8799,291.798,1751.476,934.4748,6.369,491.042,489.1562,310.3512,7232.0898
2025-06-23,486.4532,641.234,588.088,13312.75,1534.8269,32.85413,221.01,1628.3564,6213.1602,292.3806,1754.2637,936.4582,6.382,491.6217,474.2303,311.4746,7330.0098
2025-06-24,493.5328,657.223,598.433,13461.0996,1562.5214,33.47142,227.42,1676.9939,6294.8101,293.9875,1763.3458,940.5092,6.39,494.5164,459.1348,304.2782,7349.0
2025-06-25,493.0567,663.629,594.063,13461.1699,1551.8894,33.31172,227.24,1710.3468,6395.3301,293.8476,1764.8715,941.2711,6.399,494.1621,458.4798,305.7264,7167.1099
2025-06-26,497.1887,666.085,603.524,13569.29,1566.666,33.85983,229.11,1725.3945,6382.1802,295.1177,1769.7812,943.245,6.385,496.6355,460.8769,305.7645,7149.7402
2025-06-27,500.0678,667.653,603.374,13641.0996,1583.6891,34.24183,228.85,1735.6323,6347.71,294.7463,1770.6949,944.091,6.418,495.8379,460.4362,301.4343,7170.8198
2025-06-30,501.8141,662.291,611.09,13712.71,1582.6176,34.49026,231.71,1703.3364,6379.46,295.8693,1775.3337,946.3467,6.424,497.1365,459.2098,302.8712,7217.77
2025-07-01,501.5696,665.628,615.925,13697.6797,1579.8042,34.36541,232.22,1732.8173,6389.3999,296.4213,1778.8394,949.1798,6.417,498.3052,461.4587,308.5403,7260.5
2025-07-02,503.2872,666.897,617.514,13763.04,1585.8799,34.28273,232.16,1747.1018,6388.4199,295.9641,1778.873,948.7492,6.423,496.8902,470.0058,307.3112,7281.9102
2025-07-03,506.6289,669.931,623.498,13879.9805,1588.4121,34.00862,235.02,1770.5133,6432.1499,295.7698,1780.5605,950.2656,6.428,496.2855,468.5227,306.9807,7292.2202
2025-07-04,506.2312,666.182,624.73,13879.9805,1584.1968,34.12547,234.84,1752.1761,6455.54,296.0095,1781.3605,950.2656,6.4165,496.8012,468.5227,,7292.2202
2025-07-07,503.0677,663.748,614.381,13771.1104,1580.1869,33.55345,234.92,1735.7003,6421.0098,294.9178,1778.7269,948.0477,6.414,494.7877,468.9691,305.419,7224.2002
2025-07-08,502.7298,667.665,612.8,13761.3301,1588.6888,33.46664,234.25,1731.3005,6475.9102,294.105,1775.2946,945.8551,6.41,492.9928,470.0087,305.3603,7217.71
2025-07-09,505.4778,665.68,607.513,13844.9199,1600.4949,33.68044,235.31,1739.7623,6458.6499,295.0639,1778.5731,948.4289,6.415,494.3264,469.0668,304.0114,7215.0698
2025-07-10,506.5683,668.811,598.745,13884.8896,1606.5446,33.48071,234.91,1748.1906,6494.1401,294.8186,1778.4999,949.3995,6.418,493.7805,466.6754,305.1555,7253.5
2025-07-11,504.5691,668.671,594.481,13839.1104,1591.1176,33.4051,234.25,1754.3196,6515.9902,293.8282,1776.0443,946.885,6.421,492.4046,472.5208,308.7924,7256.29
2025-07-14,505.0748,668.868,591.552,13858.6201,1586.067,33.32088,233.79,1739.767,6524.5498,293.7531,1774.9282,945.2401,6.407,491.7879,469.5757,308.6948,7304.6602
2025-07-15,503.3383,676.553,592.741,13805.0801,1571.2001,33.0861,233.86,1759.0139,6523.1802,292.8212,1772.3326,944.439,6.409,489.9777,468.5386,308.134,7205.3999
2025-07-16,503.81,676.083,593.529,13849.1699,1568.0061,33.20873,233.32,1766.7483,6503.3999,293.0792,1770.9125,942.9933,6.416,490.3867,468.6575,306.1683,7275.3599
2025-07-17,506.6548,676.672,596.325,13923.75,1575.8466,33.31636,235.17,1772.4935,6548.1201,293.1465,1771.6323,943.5265,6.432,490.2997,472.371,305.6766,7256.0801
2025-07-18,507.5989,682.02,588.608,13923.3496,1581.6138,33.24043,237.52,1795.5212,6596.2402,293.8465,1775.4919,945.9904,6.431,491.4085,473.9941,309.0452,7276.0601
2025-07-21,508.5153,684.194,588.133,13943.1602,1590.2523,33.24043,238.13,1790.4078,6643.2002,295.2054,1780.5969,949.3019,6.449,493.8432,473.995,311.9003,7293.8701
2025-07-22,508.6103,681.574,586.849,13952.3496,1591.1803,33.77388,237.22,1761.963,6700.3501,295.8798,1783.3037,950.6663,6.454,495.2227,471.6561,314.0757,7426.4702
2025-07-23,513.8441,691.099,594.357,14061.5195,1607.8658,34.81218,239.71,1794.9261,6710.6201,295.6978,1785.1042,950.9591,6.447,494.7127,470.2094,314.4131,7424.9199
2025-07-24,514.9581,693.011,593.539,14071.4502,1613.5072,35.34377,239.71,1799.8112,6770.98,295.5289,1787.0848,951.7108,6.45,494.1332,470.1477,310.0151,7395.5801
2025-07-25,514.9277,687.318,592.817,14128.1201,1604.1987,34.83487,238.48,1792.665,6725.9702,295.5223,1786.5258,953.0684,6.457,493.3306,466.3311,307.9527,7391.27
2025-07-28,513.9045,688.129,583.378,14130.6104,1583.1127,34.41552,236.64,1788.0029,6737.4502,294.8009,1786.3666,954.3478,6.458,492.2914,469.3437,304.4186,7259.9302
2025-07-29,511.9498,686.059,585.718,14088.8604,1579.9152,34.13994,236.4,1765.1025,6756.7598,294.9522,1784.5981,956.7773,6.463,491.7653,475.9477,305.4517,7365.4302
2025-07-30,511.1645,685.255,585.629,14071.3398,1570.3202,34.19244,237.34,1784.4423,6756.71,294.1088,1782.1788,956.4543,6.471,490.4739,474.9673,304.3244,7250.5098
2025-07-31,508.6196,679.242,583.95,14020.46,1551.7231,34.05813,236.76,1781.916,6621.0298,293.996,1782.062,957.5011,6.479,489.7316,471.833,303.819,7143.5298
2025-08-01,501.9411,668.539,582.171,13796.8301,1537.8486,34.78286,236.0,1768.1234,6571.2598,296.0397,1782.882,958.541,6.482,493.2947,464.1356,308.2378,7129.7402
2025-08-04,508.0171,675.004,587.058,14000.6904,1556.3646,34.58481,237.27,1768.4695,6626.0698,296.6033,1787.3818,961.4733,6.499,494.9133,462.7223,311.2864,7193.2598
2025-08-05,507.3663,680.07,589.26,13932.8799,1560.1259,34.70573,238.75,1788.425,6670.4102,296.7406,1789.1229,963.1178,6.489,495.0732,458.5122,310.8453,7221.3101
2025-08-06,510.6446,677.627,596.399,14034.3496,1566.1874,35.10831,240.68,1770.1135,6684.9199,297.0871,1791.6206,962.7294,6.505,495.6261,457.9109,310.5379,7163.29
2025-08-07,511.9177,686.942,605.64,14023.3496,1581.802,35.35611,241.99,1825.1359,6696.7598,297.0743,1792.91,964.5881,6.505,495.7135,458.4417,311.617,7191.46
2025-08-08,514.7102,681.978,608.79,14134.0195,1587.3024,35.69588,242.74,1821.7756,6678.8501,296.7525,1794.1082,964.3434,6.499,495.2108,458.8724,312.5718,7124.9302
2025-08-11,513.4526,683.927,605.069,14100.0303,1579.8604,35.69588,241.61,1825.9806,6707.4399,296.5006,1794.1838,966.077,6.506,494.5218,458.6145,309.0848,7085.3701
2025-08-12,518.3902,684.791,615.975,14260.4297,1592.9768,36.20087,242.4,1823.2742,6735.7002,296.8833,1798.1523,967.1696,6.52,494.6888,457.1479,307.8749,7131.3398
2025-08-13,521.6627,697.541,615.493,14306.96,1605.416,36.59152,244.13,1843.3693,6801.8799,298.5062,1804.3888,971.2737,6.541,497.3966,456.3654,309.8148,7191.1602
2025-08-14,521.1093,695.308,610.132,14311.8096,1605.4338,36.0673,243.08,1830.8153,6801.1699,297.4729,1802.0067,970.985,6.538,495.6085,457.4407,307.9188,7133.4502
2025-08-15,521.2505,694.661,614.946,14273.5703,1614.3561,36.81569,243.33,1837.6743,6837.96,297.422,1803.0643,970.3618,6.53,495.2775,455.2405,307.1464,7170.7002
2025-08-18,520.8733,695.035,615.508,14273.2197,1609.3286,36.8255,242.19,1846.5336,6900.8398,296.876,1802.4073,970.2787,6.538,493.9672,456.9939,306.8508,7108.9302
2025-08-19,519.0487,694.772,604.511,14190.7998,1620.1024,36.81454,242.45,1832.2632,6874.79,297.2671,1802.7109,971.2482,6.542,494.4256,453.1246,307.0362,7242.96
2025-08-20,517.925,688.505,605.786,14156.6504,1624.3895,36.73212,241.54,1767.3997,6954.8101,297.3377,1800.7383,969.8007,6.532,494.7786,457.6971,307.9723,7267.8398
2025-08-21,516.1801,689.222,607.735,14101.79,1617.7142,36.25457,242.31,1779.8745,6985.48,296.2448,1797.1582,967.933,6.517,492.9996,461.1264,307.3841,7246.4702
2025-08-22,523.1967,690.881,625.184,14316.5498,1639.6968,36.85809,243.3,1761.5181,7128.73,298.193,1805.3402,971.1145,6.553,496.0894,462.7479,307.0077,7368.2402
2025-08-25,521.9294,703.383,624.438,14255.7598,1623.1219,36.7053,243.05,1807.0443,7309.0698,297.7184,1804.7957,970.4038,6.553,495.3827,465.1933,306.9976,7324.2798
2025-08-26,521.7413,695.852,620.16,14315.5996,1608.89,36.3661,241.74,1802.4082,7275.3599,297.6278,1803.9752,968.9084,6.534,495.2443,460.8357,310.0197,7304.8398
2025-08-27,521.9302,692.724,623.794,14349.8604,1609.0582,36.32709,239.5,1816.5978,7165.8901,297.3944,1803.1237,968.8369,6.539,494.7402,462.4312,310.8682,7359.8301
2025-08-28,523.7639,687.831,634.074,14395.5098,1613.1053,36.70024,238.35,1798.2853,7310.6699,298.2924,1808.0441,972.1367,6.557,496.6714,465.5802,313.7474,7337.9302
2025-08-29,521.1779,686.7,631.951,14304.6797,1604.6134,36.51201,237.67,1797.0518,7375.9102,298.0911,1809.3645,972.1599,6.553,496.8505,465.4838,315.7241,7382.6099
2025-08-31,521.1779,686.7,631.951,14304.6797,1604.6134,36.51201,237.67,1797.0518,7375.9102,298.0911,1809.3645,972.1599,6.553,496.8505,465.4838,315.7241,7382.6099
2025-09-01,521.4811,692.099,631.675,14304.6797,1608.782,36.28817,237.59,1781.6124,7422.8901,298.0206,1809.6083,972.1599,6.553,496.5435,466.106,315.7241,7382.6099
2025-09-02,517.6807,691.375,630.572,14208.5,1576.4346,36.24855,236.79,1772.9694,7356.1802,296.759,1803.5208,968.9932,6.532,494.445,472.8976,321.3144,7259.98
2025-09-03,519.4979,692.008,631.099,14281.2305,1591.1508,35.94781,237.02,1779.4929,7302.4902,297.7677,1806.4146,971.918,6.55,495.569,468.7712,327.4077,7264.21
2025-09-04,522.6941,688.982,633.418,14401.71,1596.0768,36.15045,236.12,1787.0331,7152.3701,298.533,1808.8857,974.9163,6.565,496.1699,465.4587,326.4923,7313.3398
2025-09-05,523.5978,696.883,642.919,14358.1104,1607.0691,36.81208,237.9,1817.403,7313.8901,300.6406,1816.6451,980.7235,6.585,499.7072,460.8113,330.9325,7386.1001
2025-09-08,525.3522,700.97,640.876,14389.1299,1615.6204,37.06338,238.33,1828.4805,7330.9102,301.556,1815.2556,980.7332,6.597,500.9178,463.542,334.4305,7341.5498
2025-09-09,526.9155,709.439,642.113,14428.25,1613.6243,36.97868,238.63,1858.7462,7286.48,301.0674,1814.8442,981.1778,6.585,500.4257,465.3791,335.9833,7332.1802
2025-09-10,528.6484,717.492,645.345,14471.71,1611.5299,37.17424,238.75,1886.2893,7305.3398,301.6181,1818.2856,984.9269,6.606,500.819,468.2036,336.0901,7325.1099
2025-09-11,532.3023,718.332,653.87,14594.6396,1624.7529,37.33564,239.43,1885.7814,7474.04,302.1654,1822.1592,988.5228,6.614,501.4388,465.2498,334.1346,7443.29
2025-09-12,532.6997,727.831,652.933,14588.1797,1621.9496,37.32663,240.47,1910.5645,7432.96,301.7681,1820.3608,987.4424,6.621,500.6852,467.6693,336.115,7414.6499
2025-09-15,535.1994,728.034,663.361,14660.1299,1633.0216,37.32663,241.68,1901.2651,7448.3799,302.6041,1822.3727,988.2694,6.636,501.8703,471.3814,336.707,7391.48
2025-09-16,535.3262,734.654,665.09,14641.7695,1629.0645,37.7597,242.32,1936.2258,7442.3999,303.4468,1826.9889,990.29,6.617,503.5373,476.0101,340.179,7354.3599
2025-09-17,535.1269,739.065,667.684,14627.7998,1627.1206,37.50912,242.94,1923.0579,7494.8599,303.0942,1826.0146,989.7349,6.628,503.5268,472.334,338.8494,7337.8901
2025-09-18,536.6677,737.18,665.112,14698.0801,1630.979,37.26361,243.86,1946.2164,7408.1899,302.0222,1821.405,986.2747,6.62,501.0107,468.7697,335.4115,7350.6099
2025-09-19,538.0852,733.533,665.803,14769.9297,1623.6652,37.13669,245.01,1923.9248,7410.4199,301.7636,1819.347,984.1442,6.608,500.3149,465.2239,337.1986,7313.7598
2025-09-22,539.9512,734.486,666.184,14836.2695,1626.4493,37.34723,246.2,1944.0836,7442.9399,301.6111,1825.7701,987.6378,6.617,500.1401,464.5921,342.394,7329.0698
2025-09-23,538.335,734.547,674.515,14754.6299,1633.3516,37.34723,247.17,1968.343,7440.0898,302.1256,1829.0038,989.8563,6.622,500.9002,468.9436,348.2919,7383.4702
2025-09-24,536.7512,737.113,671.954,14712.7197,1620.3507,37.17653,249.23,1961.6968,7509.75,301.1742,1829.4834,991.5743,6.622,499.3066,473.4893,346.2442,7313.5898
2025-09-25,533.6119,733.912,664.696,14639.1797,1601.2029,37.08945,245.66,1942.3202,7549.7402,300.0801,1822.7769,988.919,6.614,497.4503,475.0141,343.4,7295.6602
2025-09-26,535.5212,721.754,666.621,14725.9805,1617.0951,37.17339,247.23,1904.213,7468.7998,300.3643,1821.6621,987.9675,6.62,497.612,477.9102,346.9962,7366.4302
2025-09-29,537.7103,730.081,672.772,14764.9199,1625.0178,37.10506,248.79,1904.213,7599.2798,301.4465,1822.8705,989.0151,6.62,499.5479,473.1756,352.2327,7367.1899
2025-09-30,540.0664,733.532,673.317,14826.7998,1636.6685,37.38784,250.23,1925.7704,7632.27,301.5529,1821.4524,987.9039,6.611,500.0961,469.5738,352.0861,7413.4902
2025-10-01,542.1692,737.763,665.835,14877.96,1650.9852,37.02249,252.3,1938.7078,7632.27,302.0705,1821.5135,988.5208,6.628,500.8627,469.0789,356.3819,7425.73
2025-10-02,543.366,748.853,659.241,14887.3203,1658.8323,36.93219,250.65,1970.876,7632.27,302.1268,1822.698,990.9885,6.611,500.5189,466.0056,356.9396,7384.8701
2025-10-03,544.755,751.868,660.817,14889.8398,1670.7311,37.34807,252.35,2001.7788,7632.27,302.166,1825.6812,992.5349,6.626,500.7336,468.0696,357.6354,7409.79
2025-10-06,546.3387,751.18,656.42,14945.2305,1666.1609,37.82246,252.91,2001.7788,7632.27,301.5699,1825.8752,991.5333,6.628,499.0572,472.3046,363.493,7347.2002
2025-10-07,544.1922,754.069,649.178,14888.3701,1657.42,37.55157,252.68,2027.365,7632.27,301.4736,1823.1249,991.0543,6.617,498.4076,473.0402,366.2097,7323.4502
2025-10-08,546.3772,750.817,655.206,14975.1299,1661.2673,37.28928,254.37,2011.5712,7632.27,301.2657,1820.5593,991.6884,6.62,497.8623,475.2896,371.8248,7293.2998
2025-10-09,544.9482,753.94,652.329,14934.3799,1647.5582,37.48285,253.58,2032.4036,7737.8999,300.4758,1817.853,992.7465,6.613,496.7489,470.6247,369.9062,7255.0098
2025-10-10,533.3445,748.655,638.919,14531.4102,1633.6837,37.06162,252.27,2032.4036,7591.1602,301.2265,1811.1849,991.2253,6.585,498.1867,460.4158,365.7833,7171.1899
2025-10-13,538.1958,739.559,645.723,14758.0703,1636.6149,37.06162,252.66,1992.7367,7547.0298,301.1151,1810.3535,991.2253,6.603,498.0616,465.699,376.9497,7211.73
2025-10-14,536.6827,730.561,641.367,14735.21,1635.3134,36.36042,251.91,1978.7115,7448.6001,302.0673,1813.7117,990.9724,6.616,499.4567,461.8344,379.7391,7283.2002
2025-10-15,540.6019,745.368,651.557,14795.6602,1649.0737,37.07084,253.8,2028.0604,7575.3799,302.6681,1820.7941,994.8135,6.628,500.6905,461.6057,386.9419,7387.9702
2025-10-16,540.0496,752.198,654.49,14702.5703,1665.9109,37.49701,255.98,2050.7747,7595.9199,303.6101,1823.1554,997.4454,6.621,502.3799,461.3205,392.216,7369.4502
2025-10-17,539.7906,742.178,654.679,14780.3604,1649.264,37.10851,252.59,2022.3743,7425.48,303.2084,1820.0555,996.5391,6.622,502.044,460.9149,388.7879,7419.8701
2025-10-20,546.2627,755.39,662.272,14938.29,1663.3636,37.95348,253.95,2055.5427,7468.5698,303.6077,1823.1823,999.5345,6.65,502.2986,465.1735,395.1811,7488.6602
2025-10-21,545.8037,757.893,655.682,14938.8301,1660.9926,37.67081,250.63,2056.5842,7588.1499,303.6044,1824.0133,1002.707,6.65,501.9206,460.474,383.6947,7456.8198
2025-10-22,543.5714,754.267,658.092,14859.3301,1659.6265,37.89193,251.87,2043.6487,7558.77,303.6029,1822.7614,1002.114,6.635,502.0576,464.2959,374.5232,7485.9902
2025-10-23,545.9482,753.763,665.25,14946.1299,1664.0724,37.50792,254.14,2031.7281,7580.9102,303.3056,1823.0513,1002.029,6.643,501.2358,476.973,381.3071,7472.6802
2025-10-24,549.4091,758.878,664.688,15064.9102,1670.6562,37.65905,254.64,2031.7281,7677.1401,303.5047,1826.558,1003.489,6.644,501.101,476.303,377.6812,7496.3599
2025-10-27,555.5311,771.533,670.413,15250.1396,1676.1281,38.24442,252.42,2070.5559,7780.0898,304.0579,1838.837,1009.939,6.636,501.7679,475.413,365.372,7519.7402
2025-10-28,556.1376,767.163,676.284,15285.0996,1676.1248,38.01235,255.03,2074.0171,7753.29,304.3456,1840.5199,1011.424,6.655,502.7678,472.0075,363.3155,7360.6001
2025-10-29,556.594,774.178,683.68,15284.5303,1672.8004,37.89913,256.73,2100.969,7845.8799,303.4131,1840.4669,1010.784,6.658,501.7601,474.7009,368.6683,7193.7402
2025-10-30,551.5461,772.195,678.442,15133.2305,1659.8135,37.70993,254.24,2093.2512,7775.8799,301.9417,1834.8497,1008.353,6.65,499.2358,474.5279,367.5092,7234.54
2025-10-31,552.1455,766.514,679.545,15173.9502,1645.3391,38.06613,252.79,2087.0674,7655.1299,301.3995,1834.0468,1009.621,6.654,498.8263,476.4557,369.1021,7250.6099
2025-11-03,553.0497,773.032,683.157,15201.0,1646.8971,38.06613,251.63,2088.5715,7673.4199,300.6726,1831.9845,1008.073,6.634,498.0782,479.4287,370.3555,7246.79
2025-11-04,547.0069,763.798,678.696,15022.75,1635.8843,37.94394,248.6,2068.8779,7607.4199,300.6013,1827.5651,1006.312,6.643,497.8826,477.2373,363.5266,7259.1299
2025-11-05,547.6108,756.229,691.047,15077.71,1639.5327,37.34502,248.67,2035.9219,7616.96,299.8176,1828.2559,1004.682,6.639,496.4351,474.7019,365.0965,7266.3901
2025-11-06,544.4195,763.01,690.674,14909.2803,1636.9639,38.12338,250.64,2049.0535,7730.75,300.9941,1830.7861,1006.094,6.646,498.3505,475.5085,366.7769,7240.8301
2025-11-07,544.0758,755.353,696.74,14929.6299,1633.5095,37.93547,249.85,2027.5593,7708.1699,300.8988,1830.4984,1005.705,6.649,498.5344,475.8757,367.4724,7352.96
2025-11-10,551.6095,765.868,703.005,15161.4697,1654.0554,37.93589,252.03,2044.7396,7740.48,300.8657,1834.3861,1006.673,6.646,498.138,480.8911,376.31,7341.4902
2025-11-11,553.9369,765.761,718.601,15192.9404,1680.0807,37.95385,253.14,2035.1841,7666.1201,301.3151,1835.9423,1006.673,6.649,498.9194,484.1846,379.3479,7416.7002
2025-11-12,555.3732,769.638,713.01,15203.1299,1691.6853,38.25615,254.39,2044.2266,7660.0498,301.8222,1838.4863,1008.92,6.665,499.332,479.9614,380.5817,7350.6099
2025-11-13,549.0505,770.998,708.229,14951.8701,1690.3621,38.581,255.21,2040.9113,7769.48,301.3273,1836.2281,1008.276,6.654,499.2475,478.8913,385.9987,7268.0498
2025-11-14,546.5162,756.461,708.851,14947.5195,1667.9795,38.25175,252.42,1998.6862,7654.6201,300.5757,1833.5199,1006.913,6.648,497.9635,478.7273,374.5308,7288.2998
2025-11-17,542.3654,758.471,705.111,14812.0195,1656.0637,37.98421,251.5,2001.099,7596.6499,300.6324,1833.1588,1007.584,6.653,497.6984,478.6371,374.6473,7240.8799
2025-11-18,535.9103,743.125,699.088,14690.8096,1625.0852,36.76447,248.67,1948.2684,7539.0298,300.5622,1830.8737,1006.877,6.643,497.4388,480.3302,373.5713,7272.0801
2025-11-19,536.5814,741.141,699.819,14746.4404,1618.6565,36.45158,250.2,1933.9034,7575.8599,300.1825,1830.4924,1007.67,6.647,496.3556,475.7367,379.6491,7211.2202
2025-11-20,531.8573,747.878,696.111,14518.9502,1624.7244,36.87919,250.64,1994.5157,7533.2402,300.4318,1831.1827,1007.951,6.644,496.0151,472.6089,376.3003,7185.7402
2025-11-21,533.1055,726.093,689.281,14662.6797,1616.3652,37.08944,246.32,1911.4658,7351.0298,300.5225,1829.8083,1007.646,6.656,496.5784,469.0646,374.663,7284.5498
2025-11-24,539.4863,731.69,693.998,14889.6699,1620.8936,37.08944,246.63,1914.8334,7348.3599,301.2846,1834.1156,1009.724,6.657,497.418,469.7605,375.4972,7295.0601
2025-11-25,544.3104,738.214,701.479,15025.54,1644.7483,37.16434,246.82,1944.3661,7430.75,302.2428,1837.1495,1010.271,6.665,498.9647,468.5193,379.5783,7350.1499
2025-11-26,549.3502,747.222,715.24,15129.5703,1664.2795,37.77054,249.33,1986.3007,7489.3501,302.9821,1840.863,1011.712,6.675,499.7806,473.1265,380.7841,7388.8501
2025-11-27,549.6304,747.616,714.422,15129.5703,1667.0364,37.93821,247.46,1997.3196,7486.9902,303.0809,1841.2917,1011.712,6.667,499.9344,473.5153,380.7841,7388.8501
2025-11-28,552.0842,744.732,720.749,15211.1396,1672.3752,38.08687,248.26,1999.6642,7509.2998,303.0344,1844.2625,1012.66,6.667,499.9849,477.7115,385.5097,7414.8198
2025-11-30,552.0842,744.732,720.749,15211.1396,1672.3752,38.08687,248.26,1999.6642,7509.2998,303.0344,1844.2625,1012.66,6.667,499.9849,477.7115,385.5097,7414.8198
2025-12-01,549.9297,745.138,720.521,15132.0,1671.6111,37.843,249.45,1976.7183,7597.54,302.1416,1842.8621,1010.586,6.655,498.966,480.5698,389.8951,7328.6499
2025-12-02,551.0305,748.773,728.522,15169.6299,1670.9089,37.72831,248.0,1994.7804,7561.7798,302.2361,1843.9089,1011.701,6.654,498.6863,478.1458,387.6734,7307.1401
2025-12-03,552.8907,747.319,732.125,15215.3398,1681.538,37.85116,249.5,2016.4763,7532.3799,303.1307,1849.0791,1014.364,6.669,500.1334,479.7877,387.2597,7314.6299
2025-12-04,554.8809,748.663,741.649,15232.8096,1687.4042,38.62379,250.04,2017.1207,7552.96,302.9109,1849.535,1013.871,6.655,499.7632,481.8681,386.363,7297.1401
2025-12-05,555.3219,755.233,716.072,15264.6396,1685.4806,38.13246,252.11,2035.1743,7615.1699,302.341,1848.8917,1012.952,6.654,498.7612,484.7198,390.26,7293.1699
2025-12-08,553.8766,756.29,713.115,15212.8398,1683.5581,38.26575,250.43,2062.4229,7677.54,301.687,1846.1082,1010.172,6.644,497.3562,478.9127,385.2111,7248.1802
2025-12-09,553.0001,750.78,714.664,15199.6602,1679.6913,37.98719,251.54,2053.478,7637.0898,301.5771,1844.5944,1008.671,6.653,497.11,476.7793,386.1037,7210.9399
2025-12-10,555.9384,752.848,714.068,15302.75,1685.9264,38.18169,252.67,2068.5764,7634.6001,302.2675,1846.2174,1009.697,6.655,498.0316,477.9639,386.2973,7236.98
2025-12-11,557.9045,747.292,727.599,15334.7402,1709.1653,38.08438,255.83,2039.7147,7571.1899,303.2725,1851.3907,1012.289,6.664,500.3189,479.1675,389.0709,7262.1499
2025-12-12,554.4275,755.844,730.762,15172.1299,1699.0544,38.7051,256.74,2056.8655,7625.8901,302.2786,1850.2698,1012.629,6.664,498.9231,475.3282,399.7916,7258.3398
2025-12-15,553.8603,745.711,733.538,15150.46,1711.3922,38.90889,256.47,2021.5682,7587.6699,302.7374,1853.1964,1014.418,6.668,499.9807,473.4459,396.9179,7307.29
2025-12-16,551.1753,734.327,714.652,15114.9199,1706.0153,38.37322,255.48,1989.4269,7503.02,303.1756,1854.2579,1014.801,6.662,500.7032,468.1397,397.6816,7240.1699
2025-12-17,546.8931,739.069,703.737,14940.0098,1703.8047,38.1509,255.56,1986.0109,7637.8901,302.9716,1853.2404,1013.904,6.668,500.1774,471.9552,399.3237,7271.52
2025-12-18,550.2704,737.66,712.642,15058.71,1715.7905,37.98265,256.57,1981.6842,7599.1699,303.2897,1855.1338,1015.386,6.661,500.5185,471.1806,398.5145,7225.8198
2025-12-19,554.2527,744.106,715.985,15191.8496,1722.1422,37.84788,256.9,1996.73,7629.3901,302.6398,1855.5728,1015.445,6.682,498.948,473.9609,398.901,7193.9102
2025-12-22,558.1735,752.603,717.211,15290.5498,1725.6511,38.23162,260.44,2030.6985,7702.4902,303.0612,1858.7273,1015.539,6.673,499.6121,479.7833,406.6189,7227.1899
2025-12-23,560.7178,753.972,727.131,15360.1797,1733.4327,38.56993,261.15,2044.6772,7730.9199,303.4404,1859.6233,1015.547,6.665,500.6361,484.342,409.167,7218.6401
2025-12-24,562.0808,756.899,728.628,15409.7002,1734.2222,38.47227,261.67,2053.2312,7764.6001,304.0533,1860.6912,1016.206,6.682,501.6858,485.1166,412.0507,7270.4502
2025-12-25,562.1126,756.881,728.628,15409.7002,1734.2222,38.58956,261.28,2053.2312,7792.02,304.0523,1860.6912,1016.206,6.682,501.6891,485.1166,412.0507,7270.4502
2025-12-26,562.2309,760.356,730.504,15406.4805,1734.2222,38.50124,261.13,2067.1414,7816.1001,304.0963,1860.4805,1016.577,6.682,501.6951,485.0349,412.0416,7277.8599
2025-12-29,561.1311,763.948,725.539,15353.1602,1732.3976,38.68308,259.38,2087.584,7785.3799,304.4621,1862.1592,1017.476,6.693,502.204,482.1466,398.8058,7295.27
2025-12-30,560.854,764.257,729.368,15332.0703,1743.3561,38.44813,259.25,2081.5903,7824.9502,304.2256,1862.6823,1017.598,6.7,501.8259,486.0548,401.6299,7313.54
2025-12-31,557.846,765.001,728.535,15220.4502,1738.8762,38.44813,259.21,2097.8477,7791.8198,303.8636,1862.3339,1017.899,6.6905,501.2906,480.0591,396.1204,7254.7798
2026-01-01,557.9094,765.48,728.535,15220.4502,1738.8762,38.44813,259.48,2097.8477,7791.8198,303.8636,1862.3339,1017.899,6.6905,501.2906,480.0591,396.1204,7254.7798
2026-01-02,560.6175,780.344,731.964,15252.8203,1749.7373,38.44813,261.59,2126.2266,7791.8198,303.3603,1862.7393,1017.293,6.687,500.6192,479.5231,400.2509,7267.5898
2026-01-05,565.2301,792.858,745.622,15349.7803,1763.8339,39.22376,261.9,2175.26,7950.23,303.629,1864.4698,1021.081,6.699,500.8882,488.1344,409.7532,7266.2402
2026-01-06,569.18,802.212,754.325,15446.0303,1772.0228,39.8192,264.74,2210.7852,8073.4902,303.7119,1865.4834,1020.405,6.7,500.8589,488.966,412.8714,7316.4199
2026-01-07,567.1632,799.708,746.767,15392.9902,1769.2009,39.53186,265.68,2200.4631,8040.23,304.05,1865.8485,1019.722,6.709,501.2647,484.0207,408.0517,7249.1802
2026-01-08,566.0527,792.865,752.602,15394.1797,1760.303,39.18041,264.16,2188.4629,7980.4702,303.3252,1863.8033,1018.272,6.691,500.4788,487.0498,407.2516,7320.0898
2026-01-09,569.0493,791.832,758.84,15494.5098,1774.45,39.20512,265.2,2181.0232,8016.1401,303.5552,1865.488,1019.553,6.697,500.4708,491.1407,413.1799,7337.1602
2026-01-12,570.9562,798.311,761.779,15520.2598,1784.0734,39.20512,270.49,2199.7429,8077.3599,303.849,1867.1818,1018.184,6.706,501.1912,496.3884,424.1213,7348.1201
2026-01-13,570.8559,801.606,758.553,15490.4502,1779.1128,39.90354,273.02,2209.5332,8027.1699,303.8558,1867.2606,1017.94,6.702,500.4083,500.56,425.0454,7394.21
2026-01-14,570.03,804.881,771.348,15408.1504,1782.5734,40.59185,273.05,2228.1716,8000.0601,304.4762,1867.1093,1018.804,6.71,501.3038,504.2531,423.5189,7463.8799
2026-01-15,571.0373,804.363,772.813,15448.2998,1785.6035,40.81414,272.87,2221.1128,8018.9199,303.8897,1867.2173,1020.635,6.712,500.4208,497.4952,423.9142,7506.9199
2026-01-16,571.0316,808.853,772.349,15439.4697,1783.0706,40.79486,272.25,2265.8813,7991.7002,303.2926,1867.1447,1020.336,6.718,499.6646,495.7486,423.928,7593.9502
2026-01-19,570.4573,808.63,776.854,15439.4697,1769.6329,40.79776,273.76,2281.793,8003.0498,303.6845,1868.1125,1020.336,6.705,500.1585,496.0954,423.928,7593.9502
2026-01-20,562.2234,803.987,783.506,15121.5195,1770.1711,40.47208,274.42,2287.2375,7979.8301,303.5013,1866.7365,1015.193,6.696,500.0013,504.0626,436.4838,7464.27
2026-01-21,565.734,801.604,804.213,15297.0195,1765.4326,40.02567,275.27,2248.1152,7982.8301,304.049,1870.1758,1018.395,6.713,500.3844,507.896,447.3937,7484.0298
2026-01-22,569.7987,807.976,819.93,15381.2197,1790.2898,40.27983,279.67,2285.4429,7985.9199,304.704,1874.9261,1021.238,6.712,501.1826,507.6549,444.221,7392.8901
2026-01-23,570.656,811.102,830.834,15387.6299,1795.896,40.9324,280.26,2304.3762,7950.1899,305.0124,1876.1133,1022.496,6.717,501.9677,516.4625,454.7171,7415.4502
2026-01-26,574.3074,813.456,839.003,15464.6602,1812.5096,40.68357,286.1,2317.4546,7964.3101,306.5696,1882.3049,1024.7271,6.741,505.9213,521.8929,467.9937,7398.27
2026-01-27,578.1057,825.358,852.745,15527.8203,1838.5466,41.13124,286.49,2338.293,7962.5498,306.835,1884.4542,1024.429,6.724,506.5259,522.6408,465.5473,7403.25
2026-01-28,578.4329,840.745,865.295,15526.6904,1818.7935,40.6049,290.11,2387.2576,7997.3799,306.8533,1883.432,1023.469,6.724,506.8414,530.4665,487.8589,7323.3198
2026-01-29,577.6247,840.559,858.849,15506.8398,1817.0011,40.88744,289.24,2363.179,8057.5898,306.8837,1881.556,1023.208,6.722,507.052,538.2806,496.8694,7441.8301
2026-01-30,574.383,827.714,840.211,15441.1504,1815.6918,40.71719,281.95,2319.9033,7973.1699,306.4952,1880.7363,1023.57,6.731,505.9834,518.5422,457.9546,7459.4399
2026-01-31,574.383,827.714,840.211,15441.1504,1815.6918,40.71719,281.95,2319.9033,7973.1699,306.4952,1880.7363,1023.57,6.731,505.9834,518.5422,457.9546,7459.4399
2026-02-02,574.1434,806.365,841.912,15525.1104,1823.3832,40.09736,280.27,2277.9529,7802.25,305.3915,1878.9531,1023.504,6.735,503.6061,501.0542,433.3792,7381.7598
2026-02-03,574.2631,828.959,867.902,15394.75,1827.6753,41.28558,284.83,2324.9922,7908.1001,305.6948,1879.9342,1023.332,6.716,504.1687,512.7129,452.3349,7407.9399
2026-02-04,572.1016,829.051,843.522,15316.75,1825.4574,41.14489,285.6,2329.0054,7975.6299,305.3902,1879.3086,1024.371,6.729,503.5821,517.1035,458.2286,7521.5498
2026-02-05,565.0637,816.346,835.941,15129.2305,1806.8157,41.07251,279.91,2286.2349,7922.3701,306.0638,1878.0088,1025.441,6.74,504.244,509.7177,445.5481,7518.6299
2026-02-06,573.6479,811.949,853.832,15427.8301,1825.6565,41.53283,282.96,2284.1223,7881.1099,306.3111,1880.9064,1026.792,6.739,504.8883,512.2367,454.8073,7632.3501
2026-02-09,579.8112,830.906,873.498,15501.6504,1852.5641,42.77662,285.24,2335.9546,8022.3501,307.262,1886.1724,1028.215,6.742,506.7802,517.1354,463.2106,7662.21
2026-02-10,580.2398,837.968,866.243,15451.3203,1849.2213,44.03627,285.26,2385.7202,8051.9102,307.9676,1888.3055,1031.442,6.756,508.5565,514.1097,462.4561,7772.96
2026-02-11,580.7161,846.213,879.995,15451.0,1849.5092,44.03627,285.45,2433.9434,8033.2798,307.1909,1886.5529,1031.423,6.742,507.7235,519.1247,466.7209,7801.5098
2026-02-12,575.0441,849.625,870.609,15210.2998,1837.1528,44.78711,287.92,2397.2659,8055.8101,308.4073,1887.5135,1034.46,6.748,509.8761,509.3027,463.526,7831.5898
2026-02-13,573.7494,841.285,860.942,15220.1299,1836.7063,44.06826,284.11,2397.2659,7944.4502,308.4891,1886.4052,1036.937,6.76,509.9758,510.406,459.0903,7939.6099
2026-02-16,573.6914,843.606,861.76,15220.1299,1835.0063,43.51723,283.6,2397.2659,7944.4502,308.5507,1886.8358,1036.937,6.771,510.0287,511.2374,459.0903,7939.6099
2026-02-17,573.6298,843.991,859.196,15237.8398,1841.8287,43.22043,279.99,2397.2659,7944.4502,308.2114,1886.3324,1038.552,6.776,509.594,504.0484,446.7985,8021.9102
2026-02-18,577.6473,844.935,861.907,15323.2305,1858.5714,43.44535,285.57,2397.2659,7944.4502,308.1889,1888.4117,1038.3979,6.764,509.4425,516.2923,459.8328,7883.1602
2026-02-19,576.3687,848.514,865.788,15282.0898,1843.4968,43.81841,280.6,2397.2659,7944.4502,307.7795,1885.8224,1037.234,6.773,508.4361,520.1346,459.9657,7872.0801
2026-02-20,579.556,849.105,878.657,15388.6396,1861.1812,43.328,282.47,2397.2659,7944.4502,308.038,1887.3615,1037.3101,6.779,509.1111,524.5606,464.4097,7932.9502
2026-02-23,576.0024,858.532,871.365,15229.2803,1855.7349,43.328,286.52,2446.3899,7944.4502,308.4678,1887.4932,1038.269,6.767,510.0773,526.6948,477.0982,7952.7798
2026-02-24,579.0028,863.151,880.756,15346.7402,1857.9451,43.20147,285.47,2511.74,8044.9399,308.1818,1885.8947,1038.225,6.785,509.716,525.68,470.5526,7963.1602
2026-02-25,584.2527,875.544,884.573,15472.0596,1874.2249,43.35061,288.53,2574.0979,8123.5898,308.3509,1887.6085,1038.4449,6.786,510.0414,529.2591,477.1016,7944.6899
2026-02-26,583.1224,880.654,877.374,15389.1299,1868.4155,43.76335,285.7,2581.2063,8143.8101,308.473,1886.7053,1038.1639,6.78,510.7532,527.39,474.8718,7994.2202
2026-02-27,581.767,876.279,872.255,15323.7998,1876.9768,44.51602,286.3,2581.2063,8094.7598,308.8157,1884.5424,1037.891,6.793,511.641,534.2389,479.9178,8016.75
2026-03-02,577.98248,862.987,861.534,15331.17969,1829.52307,43.69694,279.41,2534.79858,8095.9502,306.5601,1876.71265,1032.93103,6.759,507.7079,548.2179,488.3221,8045.8501
2026-03-03,566.95813,835.01801,817.71503,15186.99023,1755.66553,42.15319,267.4,2470.53662,7958.93018,305.289,1867.71753,1027.42297,6.766,504.5945,555.50482,462.5555,7996.54004
2026-03-04,567.96637,795.172,844.52197,15305.00977,1786.13086,40.82794,271.18,2356.98511,7840.50977,306.2043,1876.14624,1031.27502,6.754,505.9487,556.10107,473.1123,8011.45996
2026-03-05,566.13202,819.21503,815.44598,15219.13965,1756.64807,41.41594,268.97,2417.28027,7944.02979,304.737,1872.46545,1030.00806,6.75,503.6015,568.42902,469.0165,7929.00977
2026-03-06,560.27032,820.052,803.77698,15019.2002,1740.1073,41.54645,263.55,2414.44751,7958.43994,304.0714,1865.01233,1025.62305,6.738,502.6729,587.8446,471.1716,7850.25
2026-03-09,559.52661,789.74103,815.479,15145.37988,1726.61414,39.83315,262.88,2292.10181,7865.04004,304.6811,1861.18445,1022.54199,6.705,502.8834,597.66168,467.3689,7861.25
2026-03-10,564.0528,816.99597,837.70099,15114.7002,1769.90027,41.0099,271.08,2349.63159,8005.10986,304.8511,1870.32825,1028.36902,6.736,504.5244,584.28888,478.699,7863.08008
2026-03-11,563.27832,826.927,833.48199,15102.57031,1748.28552,41.07114,266.1,2444.4082,8077.52002,302.43,1864.74133,1025.422,6.72,501.1442,597.1109,476.185,7783.79004
2026-03-12,555.20801,815.42401,804.06201,14873.21973,1731.94092,40.40754,261.43,2403.86377,8030.8501,300.895,1855.48877,1021.01099,6.718,498.9067,613.57758,471.3737,7737.77979
2026-03-13,550.53583,803.61102,791.466,14785.07031,1711.27698,40.11399,256.93,2374.88892,7984.93018,299.5308,1846.31726,1016.854,6.684,496.4732,613.95398,463.5115,7743.52979
2026-03-16,555.49237,808.49701,804.24597,14936.37012,1726.3053,39.987,258.88,2369.08545,7976.74023,300.7707,1849.23328,1016.586,6.706,498.3414,603.95007,458.9245,7808.37012
2026-03-17,558.23438,817.11298,813.92499,14974.17969,1745.10193,40.24369,262.06,2416.77539,7930.83008,301.8898,1854.06946,1019.138,6.713,499.9095,612.28998,460.9365,7831.4502
2026-03-18,554.06763,833.66199,806.84497,14770.48047,1728.57507,41.13701,258.0,2458.99341,7984.00977,301.0777,1851.01184,1017.55298,6.712,498.7717,619.76648,447.4367,7714.8501
2026-03-19,548.43329,809.34399,800.37903,14730.74023,1694.10645,40.34421,254.13,2403.32251,7826.39014,301.0233,1845.15564,1012.63599,6.684,498.3997,617.2168,422.6568,7692.5
2026-03-20,540.81598,803.79102,779.74799,14508.12012,1663.78564,40.34421,252.75,2396.38794,7807.68018,299.1599,1837.79602,1006.15503,6.654,495.7618,619.64679,419.1785,7443.8999
2026-03-23,542.82648,772.41699,803.28003,14675.16992,1680.57288,38.81243,253.82,2323.36865,7535.04004,300.42,1843.34473,1007.28302,6.663,497.0474,591.32471,410.3152,7491.91016
2026-03-24,543.34167,788.96503,805.48499,14620.37988,1684.11121,39.47319,252.42,2325.18066,7652.87012,299.9082,1841.02661,1005.70697,6.656,496.3675,603.74109,405.4678,7446.6001
2026-03-25,548.70538,803.09198,828.03003,14700.17969,1708.90125,40.43752,259.17,2383.74878,7752.0498,300.9776,1847.66333,1012.26898,6.641,497.8912,598.8186,419.3396,7438.20996
2026-03-26,539.98761,790.112,814.65503,14444.36035,1682.8075,40.22052,255.57,2382.42773,7644.93994,298.9802,1839.49915,1008.19202,6.656,494.8774,609.59491,409.4011,7437.27002
2026-03-27,532.75531,784.24701,807.21503,14203.24023,1665.57422,40.15081,253.85,2363.76953,7675.06006,298.0906,1829.5188,1002.60498,6.64,493.3381,618.68701,413.78,7387.8501
2026-03-30,529.97369,768.59003,808.93201,14147.30957,1673.58398,39.56563,253.23,2316.99341,7662.27979,298.8902,1828.34912,1002.414,6.656,494.4127,622.06207,416.0638,7415.25
2026-03-31,539.98621,755.96002,834.72803,14560.75,1692.64917,39.19176,256.89,2257.72729,7591.68994,300.0013,1837.91504,1006.26801,6.671,495.9127,616.01678,423.3374,7526.66016
2026-04-01,549.80267,790.94702,849.77802,14665.67969,1746.70752,41.23165,263.91,2367.64209,7757.93018,301.4993,1850.04993,1012.04797,6.689,498.8279,611.83289,435.3389,7562.00977
2026-04-02,547.91339,776.849,847.83002,14683.2002,1732.22314,40.32481,262.46,2322.76514,7661.45996,301.3949,1847.53149,1011.27802,6.642,497.5643,623.88989,426.1768,7666.16016
2026-04-03,548.48871,780.97601,847.83002,14683.2002,1732.22314,40.66594,262.19,2322.76514,7605.45996,300.9785,1847.23438,1010.85199,6.642,497.194,623.88989,426.1768,7666.16016
2026-04-06,550.41809,786.38,847.65302,14749.30957,1732.22314,40.65143,263.09,2322.76514,7605.45996,301.3311,1849.9187,1011.35303,6.642,497.2495,628.56049,426.1581,7674.74023
2026-04-07,550.67462,793.71802,843.75897,14760.63965,1719.74963,40.69558,260.22,2370.0144,7612.91016,301.3009,1851.25916,1011.17603,6.664,497.1348,630.10663,423.6125,7689.54004
2026-04-08,568.9035,836.64203,874.80701,15130.86035,1803.82935,42.4418,274.99,2495.71509,7933.87012,304.1065,1872.1532,1023.40698,6.748,502.7188,605.66431,440.2272,7819.18994
2026-04-09,569.83289,829.57098,886.23499,15225.17969,1806.43347,41.97134,272.76,2499.31055,7873.70996,303.6798,1874.44116,1024.43799,6.731,501.3675,610.88483,437.4701,7890.47021
2026-04-10,571.12201,839.49103,900.59003,15209.37988,1815.23132,41.81886,275.15,2539.79492,7995.4502,303.7204,1876.03101,1027.27905,6.723,501.5833,608.42371,438.4899,7915.5
2026-04-13,573.98297,831.69501,901.633,15364.11035,1813.09534,41.56271,275.31,2543.18457,8011.8501,303.9086,1877.51355,1028.677,6.707,501.2244,619.55432,433.7813,7938.62988
2026-04-14,582.00702,847.68799,910.31799,15545.5498,1842.03406,42.10501,279.34,2617.42334,8125.58008,305.8326,1888.64465,1034.995,6.738,504.5249,612.77551,440.3999,8010.81006
2026-04-15,585.56549,859.38,903.66498,15670.76953,1835.17346,42.26315,279.97,2647.3103,8097.37988,305.5021,1888.43616,1035.43896,6.754,504.0825,615.7309,443.0132,8008.72021
2026-04-16,587.341,872.63501,901.59302,15711.7998,1830.6593,42.67728,278.1,2684.51099,8187.06982,304.9107,1887.01599,1034.35901,6.754,503.3836,620.84637,440.2846,8080.97021
2026-04-17,593.24933,865.84998,904.35999,15901.03027,1863.4043,42.38054,283.83,2657.45215,8164.2998,306.5539,1894.66748,1039.67798,6.79,505.9842,600.76727,447.344,8201.95996
2026-04-20,591.79431,870.72803,900.82703,15863.67969,1847.42017,42.39956,278.33,2673.17407,8220.46973,306.0351,1893.03381,1038.65405,6.781,504.9702,610.3783,442.0977,8224.48047
2026-04-21,588.79742,881.784,895.39697,15763.01953,1825.39954,42.10736,275.91,2727.70435,8245.08008,305.1773,1890.4165,1037.49097,6.765,503.8106,616.43268,438.7123,8078.9502
2026-04-22,591.49518,878.091,887.36499,15928.16016,1814.71851,41.81337,273.47,2744.21631,8295.24023,305.174,1890.08386,1037.51904,6.785,503.4959,627.25,435.5244,8001.8999
2026-04-23,589.3465,874.51001,880.97699,15862.5498,1814.66431,41.50696,270.06,2724.99268,8260.87988,304.7104,1887.61438,1035.59094,6.78,502.6493,633.86658,433.4114,8111.52979
2026-04-24,592.08893,881.77899,875.479,15989.69043,1807.32764,41.53794,269.71,2818.41211,8224.91992,304.8351,1887.26172,1034.479,6.773,502.7542,633.3692,432.7177,8092.22021
2026-04-27,593.6496,894.20801,872.89301,16009.49023,1803.24768,41.73631,270.3,2872.86792,8238.86035,304.6358,1888.44189,1033.37402,6.769,502.8433,639.86542,430.9213,8045.39014
2026-04-28,590.34589,888.203,860.14899,15931.21973,1794.6405,42.10447,267.26,2859.80469,8209.99023,304.0089,1884.59302,1031.27002,6.756,501.5225,643.67761,419.2177,8125.08984
2026-04-29,589.59381,890.78302,848.729,15924.90039,1780.43176,42.10447,266.38,2840.323,8303.69043,303.001,1882.22095,1030.27295,6.762,500.1306,657.18719,415.2814,8071.81006
2026-04-30,594.922,879.15002,860.80798,16088.55957,1812.35889,42.39718,265.51,2804.55884,8289.91992,303.8425,1885.24402,1031.73206,6.767,502.0911,658.2464,423.4757,8200.76953
2026-05-01,596.51062,879.18402,864.60999,16136.03027,1815.0,42.31719,266.6,2804.55884,8289.91992,304.4733,1889.32654,1034.56201,6.768,503.0836,654.3429,425.8182,8183.33008
2026-05-04,595.5899,910.64203,854.33899,16071.44043,1789.05151,42.31719,264.71,2935.56982,8289.91992,303.2668,1885.39868,1031.79199,6.768,501.2021,667.73041,425.8042,8131.16016
2026-05-05,598.97382,909.38098,865.39801,16202.37988,1804.86328,42.31719,265.26,2941.59082,8289.91992,303.7663,1886.36682,1033.53894,6.782,501.3534,661.65033,420.2785,8153.60986
2026-05-06,609.90387,938.03003,878.60303,16438.75977,1852.52209,42.31719,273.19,2981.55225,8437.07031,305.5085,1895.40088,1039.93201,6.804,504.5991,640.84552,432.2253,8262.51953
2026-05-07,609.58478,954.49597,865.88898,16376.34961,1835.48047,43.66899,274.49,3046.52051,8495.61035,305.1158,1895.00916,1039.63196,6.778,504.7167,638.29022,435.569,8201.75977
2026-05-08,610.97571,946.59998,868.10602,16516.80078,1825.2583,43.52719,272.23,3021.01782,8447.91992,305.5003,1895.35376,1039.96301,6.78,504.901,645.21552,435.3851,8231.5498
2026-05-11,612.53931,954.56598,862.98199,16549.25,1828.60596,43.52959,273.59,3035.30542,8594.98047,305.0015,1895.28955,1038.68506,6.773,503.85,658.14868,434.2459,8236.73047
2026-05-12,609.81818,942.26898,855.52698,16523.28906,1803.54358,43.72767,267.88,3034.56982,8589.44043,303.7462,1889.50195,1035.29797,6.757,501.5164,669.98199,429.5806,8246.16016
2026-05-13,613.15771,947.11603,845.34399,16620.58984,1815.07068,44.22273,268.82,2994.73022,8683.99023,303.7153,1888.77917,1034.23999,6.745,501.2639,666.5191,429.3279,8186.02002
2026-05-14,616.95477,954.60199,840.354,16748.21094,1824.84204,43.68338,269.13,3023.09082,8545.75977,303.7419,1889.02246,1035.32495,6.772,501.1521,659.01758,429.9982,8158.91016
2026-05-15,607.62048,928.461,818.55902,16544.2793,1790.79907,43.36572,263.8,2977.45386,8427.38965,301.6129,1880.24683,1027.573,6.754,497.248,662.07068,415.7547,8032.04004
2026-05-18,607.31488,924.59003,825.70203,16533.10938,1805.83862,42.88316,263.19,2956.04199,8380.19043,301.7711,1879.18604,1025.245,6.741,497.2985,673.17749,419.1756,8133.83984
2026-05-19,603.77618,911.70001,813.67297,16423.7793,1802.35815,43.18398,260.85,2894.63232,8419.7002,300.6349,1873.87646,1021.19098,6.723,495.5677,670.55243,412.8621,8163.49023
2026-05-20,609.24738,907.95398,831.17401,16601.41992,1831.93213,42.51675,263.62,2883.93896,8408.41016,302.3651,1879.98499,1024.96399,6.75,498.261,655.10791,411.5857,8264.82031
2026-05-21,612.21649,932.09802,833.54498,16631.92969,1828.34595,43.13227,262.31,2985.84326,8297.4502,302.3814,1880.099,1025.67297,6.74,498.2421,649.29132,413.6382,8277.20996
2026-05-22,615.38312,939.255,825.67297,16694.89062,1844.63953,43.5539,263.1,3055.91504,8414.17969,302.651,1882.32092,1027.91296,6.758,498.8036,649.05371,413.7164,8286.5
2026-05-25,618.49707,952.388,833.37,16694.89062,1868.91602,44.19232,268.24,3164.96069,8567.62988,303.3807,1883.99097,1027.91296,6.758,500.6554,638.66461,413.7164,8286.5
2026-05-26,620.35022,957.461,835.82001,16797.91992,1856.02734,44.03264,267.38,3158.13672,8610.51953,304.1361,1888.93616,1031.95398,6.77,501.1601,638.15613,414.5569,8330.51953
2026-05-27,620.84491,969.58002,831.94501,16800.85938,1857.89795,43.75191,267.08,3214.96582,8545.79004,304.2692,1891.50623,1034.99902,6.75,501.3819,624.51703,406.3333,8306.69043
2026-05-28,622.24353,960.33502,829.27698,16897.64062,1853.26477,43.66763,267.15,3168.81372,8558.12988,305.0234,1894.24524,1036.99402,6.796,502.483,629.10071,405.7273,8280.21973
2026-05-29,625.61792,978.03601,824.54199,16935.34961,1858.56763,44.2995,268.1,3254.03345,8535.91992,305.7231,1898.43054,1040.17297,6.789,503.778,622.87311,417.3398,8204.49023
2026-06-01,626.18689,993.79797,819.99402,16981.09961,1837.94702,44.00457,262.60001,3296.93213,8457.08984,304.793,1896.86157,1039.04,509.022,501.85489,635.59821,411.26,8054.97998
2026-06-02,628.922,1002.69299,825.81403,17003.57031,1849.89856,43.73573,265.76001,3304.07471,8585.83984,305.268,1899.698,1041.83,509.631,502.88531,638.43811,411.95,8084.06982
2026-06-03,625.31738,1004.13202,807.70398,16878.49023,1833.26404,44.51553,263.73001,3372.69971,8616.71973,304.3087,1895.96069,1039.61,508.969,501.13541,642.28772,407.87,8083.56006
2026-06-04,626.1731,985.612,804.34198,16949.84961,1846.70874,44.02694,262.92999,3311.84863,8553.53027,304.7672,1897.89673,1040.97,509.429,501.50989,632.82727,411.27,8231.2002
2026-06-05,612.0022,961.39801,786.60101,16503.96094,1827.00317,43.91116,259.98999,3264.98145,8402.08008,303.2385,1891.16321,1037.46,508.135,499.28461,621.32941,396.24,8296.98047
2026-06-08,609.34601,923.18903,776.96698,16553.7793,1825.56213,42.86788,258.73001,3142.49878,8209.21973,302.7513,1889.95911,1035.49,507.698,498.22769,625.54541,397.27,8181.1001
2026-06-09,610.72479,956.73102,786.33698,16511.71094,1816.85352,43.28959,261.09,3224.30786,8381.33008,303.4624,1892.22473,1036.79,508.212,499.43701,616.22009,390.78,8365.59961
2026-06-10,601.6571,930.32898,780.06799,16244.65039,1817.54822,42.72665,257.57001,3113.51538,8290.98047,303.122,1890.31177,1035.81,507.864,498.8844,618.04547,374.58,8367.37012
2026-06-11,608.65082,927.172,805.91901,16529.43945,1820.47058,42.52445,258.56,3117.43652,8244.41992,304.1155,1894.95605,1039.77,508.875,499.7934,612.1189,386.32,8369.53027
2026-06-12,615.74969,956.35199,819.70099,16613.30078,1865.46167,43.17812,265.03,3190.4624,8362.07031,304.6471,1900.71387,1043.73,509.694,501.33011,605.18683,386.54,8452.33008
2026-06-15,626.32489,985.03699,821.71198,16891.7793,1873.76746,44.48939,270.22,3288.27979,8568.84961,305.4013,1907.89917,1047.94,510.983,502.84061,597.05487,396.55,8384.33008
2026-06-16,624.69299,991.65002,818.68201,16796.2793,1879.91248,44.34551,272.14999,3316.51172,8555.96973,305.6343,1907.71509,1048.45,511.249,503.14529,589.3988,397.63,8398.17969
2026-06-17,620.73389,996.039,819.69897,16592.44922,1886.42407,44.64663,273.26001,3323.30127,8642.04004,304.8399,1904.17371,1046.58,510.449,502.31229,591.96741,388.6,8193.66992
2026-06-18,624.34412,1002.52899,808.16101,16772.64062,1859.64587,44.91315,270.73001,3365.04248,8654.54004,304.3866,1901.67236,1047.48,510.417,501.07401,585.60437,387.12,8189.25
2026-06-19,623.42261,1001.52502,809.104,16772.64062,1855.95947,44.68167,267.01001,3365.04248,8654.54004,303.9487,1901.0647,1047.48,510.392,499.9458,587.08289,387.12,8189.25
2026-06-22,623.51813,1011.60303,811.66199,16711.43945,1860.6239,45.17344,267.10001,3452.21631,8840.08984,303.4738,1900.10706,1044.66,509.701,499.28979,579.78149,384.59,8290.45996
2026-06-23,612.72498,970.01703,801.91803,16471.59961,1838.89417,44.00786,264.48001,3407.03247,8591.08984,303.3813,1896.19775,1043.22,509.326,498.7197,574.12488,377.32,8398.69043
2026-06-24,611.55951,971.0,789.85901,16455.50977,1837.2074,43.67105,260.20999,3317.28882,8603.96973,304.0766,1896.17822,1046.07,510.064,499.35419,561.42462,365.92,8390.46973
2026-06-25,613.8396,985.88098,800.70697,16454.63086,1854.20081,44.24906,261.03,3324.47314,8736.23047,304.4392,1898.30896,1047.01,510.421,500.27869,569.62061,369.46,8411.20996
2026-06-26,610.59808,953.99103,808.133,16447.28906,1844.28015,43.66673,260.48001,3200.42969,8489.16016,304.7171,1898.12415,1046.05,510.572,500.78909,561.97083,373.63,8532.49023
2026-06-29,615.8808,955.51099,807.06201,16640.64062,1850.87488,43.866,259.23999,3233.21094,8607.42969,305.1169,1901.10669,1046.76,510.881,501.21219,562.95532,368.58,8485.0498
2026-06-30,620.59961,965.427,804.79901,16774.07031,1865.46997,43.81556,259.29001,3317.13452,8706.2002,304.3977,1902.23071,1046.87,510.377,500.2215,562.81012,368.38,8328.58984
2026-07-01,619.24408,965.159,801.10199,16738.56055,1853.37659,44.0506,260.17001,3379.24976,8660.21973,303.7531,1900.42334,1044.54,509.624,498.99521,561.91248,370.6,8348.84961
2026-07-02,619.73743,941.513,807.086,16739.25977,1888.88281,44.49133,262.23001,3358.68115,8418.58984,304.2349,1903.32788,1044.53,509.964,499.99969,562.09302,378.13,8453.48047
2026-07-03,622.55658,964.42499,812.17798,16739.25977,1901.79626,44.94069,264.01999,3359.65552,8478.08008,304.1325,1903.39465,1044.53,510.016,499.8432,563.13519,378.13,8453.48047
2026-07-06,625.14752,964.39203,813.04199,16862.17969,1894.36816,45.09941,264.16,3334.72119,8464.16016,304.3142,1905.92395,1045.84,510.418,499.4072,570.16541,382.13,8382.41016
2026-07-07,621.21069,944.13397,810.09601,16787.17969,1881.01868,44.75121,263.19,3246.63428,8369.28027,303.1864,1904.99194,1043.5,509.591,498.28159,575.02393,377.49,8484.84961
2026-07-08,617.22119,940.95599,801.10901,16739.93945,1849.22778,43.97318,259.42001,3278.50928,8305.48047,302.253,1900.60425,1039.62,508.611,496.33249,586.36627,374.45,8353.92969
2026-07-09,621.66052,938.89502,811.39203,16876.83008,1867.65063,44.18605,261.04999,3238.41821,8521.48047,302.8486,1903.12439,1041.68,509.139,497.43869,584.112,378.18,8367.44043
2026-07-10,624.20251,946.85699,827.65601,16949.55078,1867.15906,44.5812,262.76001,3238.41821,8380.50977,302.6114,1903.16406,1042.92,509.085,497.8558,581.711,377.01,8401.83008
2026-07-13,618.84888,922.59399,818.26801,16815.21094,1860.23376,44.0093,261.20001,3240.50757,8230.58008,301.6006,1900.42334,1040.42,508.444,496.34851,599.06219,367.13,8451.58008
2026-07-14,621.4624,924.05701,831.60999,16878.41016,1870.42383,44.44809,261.67001,3196.92798,8411.23047,302.2001,1902.22876,1040.33,508.682,497.81171,602.99341,372.15,8439.48047
2026-07-15,625.12518,947.85101,829.112,16944.07031,1873.87927,44.97496,260.51001,3259.04834,8410.03027,302.673,1904.22852,1041.51,508.929,498.30249,605.15991,372.35,8435.41992
2026-07-16,621.56427,933.65997,819.341,16857.63086,1875.71741,44.23517,259.98999,3255.35791,8261.16992,302.7061,1903.8269,1040.74,508.816,498.0144,601.54022,364.96,8632.75
2026-07-17,614.39062,907.20502,816.51099,16687.56055,1869.8042,43.04254,257.98999,3038.22192,7962.37012,302.6927,1902.39795,1041.1,508.798,498.0036,611.89069,368.41,8638.0498
2026-07-20,612.6217,904.88202,819.15601,16655.91016,1860.19019,43.04254,257.88,3027.79126,8086.25977,301.8804,1901.39343,1039.68,508.249,496.8624,615.5921,367.6,8595.12988
2026-07-21,619.0484,926.74402,827.54102,16803.50977,1869.97656,43.93982,259.54001,3144.16187,8344.04004,301.29,1899.78406,1038.55,507.789,496.09052,623.67322,374.81,8609.73047
2026-07-22,619.21381,925.698,844.21503,16780.81055,1881.05884,44.11177,261.51999,3183.77222,8296.45996,300.9141,1898.26196,1036.76,507.307,495.45929,631.69568,379.12,8565.13965
2026-07-23,613.85931,939.12097,832.35498,16578.2793,1854.20032,44.15998,258.32999,3201.04517,8317.34961,299.8274,1890.30762,1031.59,505.857,493.71509,642.97791,371.52,8549.0498
2026-07-24,612.67279,911.79401,827.59802,16588.00977,1869.10962,43.69355,259.04999,3106.45483,8173.08984,300.1106,1890.02466,1031.78,505.864,494.41351,634.51239,371.9,8730.2002
2026-07-27,614.12982,920.992,831.19299,16590.80078,1869.89331,44.32527,260.48001,3113.16162,8276.83984,300.692,1892.02441,1034.66,506.669,495.49179,615.23029,374.63,8683.28027
2026-07-28,611.94208,883.23798,833.79401,16625.90039,1879.10925,43.18174,259.48001,2958.54346,8042.95996,301.3179,1893.41357,1035.16,507.123,496.3811,604.49121,369.37,8706.28027
2026-07-29,604.6499,871.32202,819.37402,16373.80957,1871.85339,43.25589,258.73001,2849.67163,8095.31982,300.2963,1890.52747,1033.55,506.36,495.21231,620.10559,371.08,8691.2002
2026-07-30,613.58221,869.66998,845.30902,16645.78906,1910.04407,44.19101,263.10999,2835.43481,8022.25977,301.5417,1895.72437,1030.75,506.461,498.04849,618.3551,377.16,8571.37012
2026-07-31,621.07428,934.22998,844.34698,16763.41992,1905.81018,44.81521,262.5,3077.00415,8106.3501,301.134,1896.81946,1030.75,506.169,497.5484,620.89618,371.54,8524.5
2026-08-03,626.93268,923.55499,843.60101,17012.38086,1912.86609,45.03155,266.63,3081.07251,8019.08008,301.9848,1902.52502,1034.97,507.212,499.1004,609.56769,371.71,8531.78027
2026-08-04,635.08301,921.82501,842.92401,17316.93945,1928.98328,44.85417,270.51001,3079.59033,8121.8999,303.1298,1908.31958,1038.63,508.496,500.31799,598.11328,374.16,8506.63965
2026-08-05,637.22711,943.60699,842.867,17287.9707,1934.43994,45.76032,272.59,3184.62744,8228.58008,303.6223,1910.48547,1040.81,509.249,501.32849,601.42133,389.64,8509.99023
2026-08-06,635.16998,926.07202,837.659,17257.58008,1934.41052,45.6498,271.51999,3174.80566,8214.95996,302.7367,1908.83252,1039.59,508.838,500.11731,606.83392,389.67,8439.30957
2026-08-07,638.94373,925.617,831.604,17365.14062,1946.97485,46.17332,274.91,3157.0874,8295.59961,303.2566,1911.82202,1040.59,509.389,500.88361,614.11731,398.47,8476.28027
2026-08-10,639.42432,933.617,829.45001,17356.68945,1945.60022,45.99981,275.35001,3215.95654,8313.26953,302.3104,1910.62463,1039.44,508.923,499.4989,630.3158,402.54,8359.25977
2026-08-11,637.96667,933.57001,811.75299,17301.41016,1944.60535,45.99981,273.44,3223.20239,8244.30957,302.4414,1910.05896,1038.33,508.933,499.64529,631.12268,400.96,8281.12988
2026-08-12,640.15192,943.57703,808.11401,17347.40039,1939.52832,46.3285,274.26001,3255.53613,8292.09961,302.5704,1911.40833,1038.72,509.165,499.69141,634.68329,404.92,8371.50977
2026-08-13,643.71698,953.24103,804.16199,17460.75977,1940.62585,46.71664,272.5,3302.19897,8246.4502,303.3628,1914.56946,1041.68,510.151,500.6691,628.5448,398.96,8465.28027
2026-08-14,643.52039,956.18903,806.677,17433.30078,1943.6272,46.98576,273.17001,3300.02612,8252.87012,302.8518,1914.94543,1040.91,509.934,500.172,632.73798,401.48,8488.5498
2026-08-17,641.50269,961.75897,807.104,17344.36914,1942.20679,46.84224,274.10001,3323.6665,8391.87988,302.3713,1913.7644,1038.55,509.543,499.60031,643.23212,405.49,8424.03027
2026-08-18,636.71381,952.89801,801.91803,17225.33008,1927.54895,46.28991,272.20001,3271.69336,8359.9502,302.2516,1910.31177,1035.52,509.094,499.1109,643.33618,398.55,8390.41992
2026-08-19,636.09839,934.48999,811.758,17263.09961,1940.20459,45.19427,276.45999,3229.88208,8123.60986,303.9699,1916.22168,1039.21,510.375,501.8262,648.46161,413.84,8451.26953
2026-08-20,634.34943,954.65698,811.185,17115.46094,1938.67517,45.55302,276.07001,3246.73096,8148.31982,303.4789,1914.37695,1037.31,509.826,501.69351,655.82532,415.26,8468.48047
2026-08-21,637.87592,966.35699,831.091,17190.76953,1951.61829,45.64641,279.10001,3276.16553,8202.03027,303.1045,1914.50305,1037.17,509.519,501.06949,660.3493,423.36,8458.42969
2026-08-24,635.35822,948.05701,836.08899,17142.89062,1948.88318,45.68498,280.38,3241.50732,8101.87012,303.465,1915.61145,1038.41,509.976,501.44519,652.03949,426.69,8512.15039
2026-08-25,637.80939,953.258,845.995,17198.58984,1956.82251,45.85315,281.35001,3270.49463,8080.49023,304.6496,1919.5144,1041.29,511.06,502.96011,644.14069,428.07,8524.95996
2026-08-26,637.99969,961.31,842.06702,17195.13086,1952.94775,46.00703,281.75,3324.28662,8153.06006,304.1947,1918.62048,1041.59,510.949,502.12399,644.15021,421.32,8475.59961
2026-08-27,640.6593,965.57501,839.60999,17319.01953,1939.83667,46.11401,280.04999,3348.30908,8225.46973,304.0474,1919.49255,1042.41,510.833,501.84799,649.1131,422.6,8399.91016
2026-08-28,639.8269,965.66901,832.51001,17276.49023,1938.82959,46.19101,280.91,3382.95654,8188.39014,303.1171,1917.245,1042.03,510.113,500.35269,649.78821,408.89,8354.74023
2026-08-31,637.65747,964.93103,838.54602,17219.93945,1931.80261,46.45047,277.57999,3362.00391,8218.0,302.8004,1916.45764,1040.09,509.619,499.81091,657.9306,408.42,8295.49023
