Date,ACWI,Asia ex JP,Latam,S&P500,SXXR ,Topix,"Emerging Euro, Middle East, Afica",Taiex,CSI 300,Corp Bond,HY,EMBI,EMBI Corp,Globa Agg Local Currency,Commodity,GLD,REITS,TIP,Treasury,T Bill,BM_AWCI,BM_AGG
2024-12-31,455.98969,578.39697,470.595,12911.82031,1279.98499,30.4882,204.17,1552.3064,6184.0498,275.4921,1661.86304,897.19098,6.164,463.4374,457.0121,240.9976,7090.06982,119.166,105.854,228.65,1952.8,463.4374
2025-01-31,471.2955,582.69897,515.35199,13271.37988,1370.64685,31.00252,213.38,1587.13354,6037.58008,277.2163,1684.67896,908.19781,6.216,466.0748,467.1058,259.4889,7164.22021,120.691,106.576,229.5,2018.79,466.0748
2025-02-28,468.45621,588.72803,505.92801,13098.21973,1414.32471,30.69987,214.16,1553.18921,6135.72021,281.7491,1697.98499,923.18079,6.306,472.7397,466.7578,261.4858,7461.3501,123.322,109.583,230.25,2007.19,472.7397
2025-03-31,449.95001,588.89301,530.375,12360.20996,1414.36096,30.86404,218.71,1381.61401,6164.16016,283.304,1692.59094,918.23889,6.3095,475.6522,477.8602,287.2772,7285.16016,124.219,109.983,231.03,1928.98,475.6522
2025-04-30,454.14651,593.24597,567.03101,12276.38965,1475.53052,32.53406,220.59,1403.08716,5972.35986,288.6796,1707.02161,917.48352,6.286,489.6304,436.2842,304.4191,7137.18994,124.301,111.092,231.85,1947.84,489.6304
2025-05-31,480.25031,624.45001,576.07397,13049.12988,1545.90405,33.90431,222.35,1593.15247,6158.0,289.191,1735.17139,925.28333,6.333,487.8912,440.4325,302.0618,7221.18994,123.57,109.774,232.71,2061.07,487.8912
2025-06-30,501.81409,662.29102,611.09003,13712.70996,1582.61755,34.49026,231.71,1703.33643,6379.45996,295.8693,1775.33374,946.34668,6.424,497.1365,459.2098,302.8712,7217.77002,124.779,111.509,233.51,2154.5,497.1365
2025-07-31,508.6196,679.242,583.95001,14020.45996,1551.72314,34.05813,236.76,1781.91602,6621.02979,293.996,1782.06201,957.5011,6.479,489.7316,471.833,303.819,7143.52979,124.892,110.878,234.37,2184.27,489.7316
2025-08-31,521.17792,686.70001,631.95099,14304.67969,1604.6134,36.51201,237.67,1797.05176,7375.91016,298.0911,1809.3645,972.15991,6.553,496.8505,465.4838,315.7241,7382.60986,126.884,112.714,235.27,2239.19,496.8505
2025-09-30,540.06641,733.53198,673.31702,14826.7998,1636.66846,37.38784,250.23,1925.77039,7632.27002,301.5529,1821.45239,987.90387,6.611,500.0961,469.5738,352.0861,7413.49023,127.375,113.473,236.07,2321.16,500.0961
2025-10-31,552.14551,766.51398,679.54498,15173.9502,1645.33911,38.06613,252.79,2087.06738,7655.12988,301.3995,1834.04675,1009.62097,6.654,498.8263,476.4557,369.1021,7250.60986,127.797,114.255,236.93,2373.52,498.8263
2025-11-30,552.08423,744.73199,720.74902,15211.13965,1672.37524,38.08687,248.26,1999.66418,7509.2998,303.0344,1844.26245,1012.65997,6.667,499.9849,477.7115,385.5097,7414.81982,128.079,115.408,237.63,2373.92,499.9849
2025-12-31,557.84601,765.00098,728.53497,15220.4502,1738.87622,38.44813,259.21,2097.84766,7791.81982,303.8636,1862.33386,1017.89899,6.6905,501.2906,480.0591,396.1204,7254.77979,127.363,114.529,238.46,2399.41,501.2906
2026-01-31,574.383,827.71399,840.211,15441.15039,1815.69177,40.71719,281.95,2319.90332,7973.16992,306.4952,1880.73633,1023.57001,6.731,505.9834,518.5422,457.9546,7459.43994,127.942,114.292,239.17,2471.01,505.9834
2026-02-28,581.76703,876.27899,872.255,15323.7998,1876.97681,44.51602,286.3,2581.2063,8094.75977,308.8157,1884.54236,1037.89099,6.793,511.641,534.2389,479.9178,8016.75,129.597,117.142,239.84,2503.4,511.641
2026-03-31,539.98621,755.96002,834.72803,14560.75,1692.64917,39.19176,256.89,2257.72729,7591.68994,300.0013,1837.91504,1006.26801,6.671,495.9127,616.0168,423.3374,7526.66016,127.911,114.425,240.56,2324.86,495.9127
2026-04-30,594.922,879.15002,860.80798,16088.55957,1812.35889,42.39718,265.51,2804.55884,8289.91992,303.8425,1885.24402,1031.73206,6.767,502.0911,658.2464,423.4757,8200.76953,129.327,114.296,241.29,2562.34,502.0911
2026-05-31,625.61792,978.03601,824.54199,16935.34961,1858.56763,44.2995,268.1,3254.03345,8535.91992,305.7231,1898.43054,1040.17297,6.789,503.778,622.8731,417.3398,8204.49023,129.647,114.274,242.04,2695.81,503.778
2026-06-30,620.59961,965.427,804.79901,16774.07031,1865.46997,43.816,259.29,3317.13452,8706.2002,304.3977,1902.23071,1046.87,6.82,500.2215,562.81012,369.4695,8328.58984,129.005,114.561,242.76,2675.08,500.2215
2026-07-31,621.0743,934.23,844.347,16763.42,1907.4649060000002,45.37611181702668,262.5,3077.004271652325,8106.35,301.134,1896.8195,1030.75,6.758,497.5484,620.8962,371.54,8524.5,128.107,112.96,243.58,2677.7,497.5484
2026-08-31,637.65747,964.93103,838.54602,17219.93945,1931.80261,46.45047,277.57999,3362.00391,8218.0,302.8004,1916.45764,1040.09,6.818,499.81091,657.9306,408.42,8295.49023,128.184,113.123,244.3,2749.87,499.8109
